,0
0,stock_data\40.AX
1,stock_data\A4.L
2,stock_data\A40.AX
3,stock_data\AA.AS
4,stock_data\AA4.L
5,stock_data\AAA.AS
6,stock_data\AAAU
7,stock_data\AABA
8,stock_data\AACQU
9,stock_data\AACQW
10,stock_data\AAM.L
11,stock_data\AANC
12,stock_data\AAPCF
13,stock_data\AAQ.DE
14,stock_data\AAXN
15,stock_data\ABA
16,stock_data\ABAX
17,stock_data\ABCD
18,stock_data\ABCO
19,stock_data\ABCW
20,stock_data\ABDC
21,stock_data\ABEOW
22,stock_data\ABRN
23,stock_data\ABT.TO
24,stock_data\ACACU
25,stock_data\ACAM
26,stock_data\ACAMU
27,stock_data\ACAMW
28,stock_data\ACAT
29,stock_data\ACEVU
30,stock_data\ACEZ
31,stock_data\ACF
32,stock_data\ACFC
33,stock_data\ACHN
34,stock_data\ACICU
35,stock_data\ACID.L
36,stock_data\ACQU
37,stock_data\ACQW
38,stock_data\ACRGF
39,stock_data\ACTA
40,stock_data\ACTTU
41,stock_data\ACTTW
42,stock_data\ACV
43,stock_data\ACW
44,stock_data\AD.TO
45,stock_data\ADADD
46,stock_data\ADANIGAS.NS
47,stock_data\ADGE
48,stock_data\ADI.AX
49,stock_data\ADILW
50,stock_data\ADRO
51,stock_data\ADSW
52,stock_data\ADXSW
53,stock_data\AEB.AX
54,stock_data\AEF.TO
55,stock_data\AEFS.L
56,stock_data\AEG.AX
57,stock_data\AEGR
58,stock_data\AEL-PB
59,stock_data\AEP-PB
60,stock_data\AEP.DE
61,stock_data\AEPI
62,stock_data\AEPPA
63,stock_data\AEPPZ
64,stock_data\AERGP
65,stock_data\AERO
66,stock_data\AES.DE
67,stock_data\AESEW
68,stock_data\AET
69,stock_data\AEXL
70,stock_data\AF
71,stock_data\AFA
72,stock_data\AFAM
73,stock_data\AFEM
74,stock_data\AFFX
75,stock_data\AFGB
76,stock_data\AFGH
77,stock_data\AFH
78,stock_data\AFMC.L
79,stock_data\AFOP
80,stock_data\AFSD
81,stock_data\AFSI
82,stock_data\AFSS
83,stock_data\AFT.AX
84,stock_data\AFW
85,stock_data\AGB2.DE
86,stock_data\AGBAR
87,stock_data\AGBAU
88,stock_data\AGBAW
89,stock_data\AGFSW
90,stock_data\AGMA
91,stock_data\AGN
92,stock_data\AGNCB
93,stock_data\AGOE
94,stock_data\AGRITECH.NS
95,stock_data\AGRO.L
96,stock_data\AGTA.PA
97,stock_data\AHACU
98,stock_data\AHCOW
99,stock_data\AHGP
100,stock_data\AHL
101,stock_data\AHL.AX
102,stock_data\AHNRE
103,stock_data\AIDG
104,stock_data\AIG+
105,stock_data\AIG-WT
106,stock_data\AIII
107,stock_data\AILIP
108,stock_data\AILNP
109,stock_data\AIMCV
110,stock_data\AIMT
111,stock_data\AIONJSW.NS
112,stock_data\AIQ
113,stock_data\AIRM
114,stock_data\AIRTW
115,stock_data\AIRX.OL
116,stock_data\AITXD
117,stock_data\AIVI
118,stock_data\AIXND
119,stock_data\AIY
120,stock_data\AIZN
121,stock_data\AJAX-UN
122,stock_data\AJC.AX
123,stock_data\AKA.OL
124,stock_data\AKAO
125,stock_data\AKCA
126,stock_data\AKERBP.OL
127,stock_data\AKN.AX
128,stock_data\AKRX
129,stock_data\AKRXQ
130,stock_data\AKS
131,stock_data\AKX.DE
132,stock_data\ALACU
133,stock_data\ALDIE.PA
134,stock_data\ALDR
135,stock_data\ALDW
136,stock_data\ALEZV.PA
137,stock_data\ALF.L
138,stock_data\ALGR
139,stock_data\ALGRU
140,stock_data\ALGRW
141,stock_data\ALHSW.PA
142,stock_data\ALHVS.PA
143,stock_data\ALHYG.PA
144,stock_data\ALJ
145,stock_data\ALLY-PA
146,stock_data\ALMED.PA
147,stock_data\ALMTH.PA
148,stock_data\ALO
149,stock_data\ALOG
150,stock_data\ALOXA.PA
151,stock_data\ALPBS.BR
152,stock_data\ALQA
153,stock_data\ALR
154,stock_data\ALRGR.PA
155,stock_data\ALS30.PA
156,stock_data\ALTG+
157,stock_data\ALTG-WT
158,stock_data\ALTLX.PA
159,stock_data\ALTN
160,stock_data\ALUS+
161,stock_data\ALUS-WT
162,stock_data\ALVIA.PA
163,stock_data\ALVW
164,stock_data\ALWOO.PA
165,stock_data\ALXA
166,stock_data\ALZ
167,stock_data\AM.L
168,stock_data\AMAG
169,stock_data\AMARD
170,stock_data\AMB.AX
171,stock_data\AMBC+
172,stock_data\AMBC-WT
173,stock_data\AMBCW
174,stock_data\AMBR
175,stock_data\AMCC
176,stock_data\AMCI
177,stock_data\AMCIU
178,stock_data\AMCIW
179,stock_data\AMCO
180,stock_data\AMEBA.PA
181,stock_data\AMEHE
182,stock_data\AMHCU
183,stock_data\AMHCW
184,stock_data\AMIC
185,stock_data\AMID
186,stock_data\AMJ
187,stock_data\AMRH
188,stock_data\AMRI
189,stock_data\AMRQQ
190,stock_data\AMSG
191,stock_data\AMSGP
192,stock_data\AMSUE
193,stock_data\AMTD
194,stock_data\AMTG
195,stock_data\ANA.AX
196,stock_data\ANAC
197,stock_data\ANAD
198,stock_data\ANC
199,stock_data\ANCB
200,stock_data\ANCX
201,stock_data\AND.AS
202,stock_data\ANDAW
203,stock_data\ANFC
204,stock_data\ANS.AX
205,stock_data\ANTA.PA
206,stock_data\ANVI
207,stock_data\AOBC
208,stock_data\AOGL.L
209,stock_data\AONE
210,stock_data\AONE-WT
211,stock_data\AOW.OL
212,stock_data\AOX.DE
213,stock_data\AP+
214,stock_data\AP-WT
215,stock_data\APC
216,stock_data\APCF
217,stock_data\APHD
218,stock_data\APLP
219,stock_data\APOL
220,stock_data\APPHW
221,stock_data\APPIE
222,stock_data\APR.PA
223,stock_data\APSG-UN
224,stock_data\APU
225,stock_data\APXTW
226,stock_data\APY
227,stock_data\AQ
228,stock_data\AQ.DE
229,stock_data\AQR.AX
230,stock_data\ARA
231,stock_data\ARBGU
232,stock_data\ARCHER.OL
233,stock_data\ARCX
234,stock_data\ARDC
235,stock_data\ARDM
236,stock_data\ARE-C
237,stock_data\AREX
238,stock_data\ARG
239,stock_data\ARGS
240,stock_data\ARIA
241,stock_data\ARII
242,stock_data\ARIS
243,stock_data\ARM.AX
244,stock_data\ARMT
245,stock_data\ARNC^
246,stock_data\ARPI
247,stock_data\ARQL
248,stock_data\ARRS
249,stock_data\ARS.AX
250,stock_data\ARTLW
251,stock_data\ARTX
252,stock_data\ARWA
253,stock_data\ARWAR
254,stock_data\ARWAU
255,stock_data\ARWAW
256,stock_data\ARY
257,stock_data\ARYA
258,stock_data\ARYAU
259,stock_data\ARYBU
260,stock_data\ARYBW
261,stock_data\ASB-PF
262,stock_data\ASBB
263,stock_data\ASC.OL
264,stock_data\ASCMA
265,stock_data\ASEI
266,stock_data\ASETEK.OL
267,stock_data\ASFI
268,stock_data\ASIN
269,stock_data\ASNA
270,stock_data\ASPI
271,stock_data\ASR.TO
272,stock_data\ASRVP
273,stock_data\ASV
274,stock_data\ATAC-WT
275,stock_data\ATACU
276,stock_data\ATAD.L
277,stock_data\ATCXW
278,stock_data\ATHN
279,stock_data\ATIS
280,stock_data\ATML
281,stock_data\ATNFW
282,stock_data\ATNWW
283,stock_data\ATNY
284,stock_data\ATPT
285,stock_data\ATSX
286,stock_data\ATTP
287,stock_data\ATUS-W
288,stock_data\ATW
289,stock_data\AU8.AX
290,stock_data\AUCT.L
291,stock_data\AUG
292,stock_data\AUG.TO
293,stock_data\AUGM.L
294,stock_data\AVANCE.OL
295,stock_data\AVCTW
296,stock_data\AVF
297,stock_data\AVHI
298,stock_data\AVIID
299,stock_data\AVP
300,stock_data\AVX
301,stock_data\AWOX.PA
302,stock_data\AWSM
303,stock_data\AXA.OL
304,stock_data\AXB.L
305,stock_data\AXE
306,stock_data\AXGT
307,stock_data\AXI.L
308,stock_data\AXIN
309,stock_data\AXLL
310,stock_data\AXN
311,stock_data\AXO
312,stock_data\AXPW
313,stock_data\AXPWW
314,stock_data\AYF.AX
315,stock_data\AYFIE.OL
316,stock_data\AYR
317,stock_data\AYR.AX
318,stock_data\AYTUZ
319,stock_data\AZ.TO
320,stock_data\AZUR
321,stock_data\AZV.AX
322,stock_data\BA.SW
323,stock_data\BAC.SW
324,stock_data\BACWSB
325,stock_data\BANI.BR
326,stock_data\BANJ
327,stock_data\BAR
328,stock_data\BAS
329,stock_data\BATS.SW
330,stock_data\BAXW
331,stock_data\BAYK
332,stock_data\BBEP
333,stock_data\BBG
334,stock_data\BBH.L
335,stock_data\BBLU
336,stock_data\BBN
337,stock_data\BBOX
338,stock_data\BBRG
339,stock_data\BBX
340,stock_data\BBXTB
341,stock_data\BBXTD
342,stock_data\BBY.DE
343,stock_data\BC-PB
344,stock_data\BC-PC
345,stock_data\BCCCF
346,stock_data\BCD
347,stock_data\BCDAW
348,stock_data\BCOM
349,stock_data\BCR
350,stock_data\BCRH
351,stock_data\BCTG
352,stock_data\BCTXF
353,stock_data\BCW
354,stock_data\BCX
355,stock_data\BDBD
356,stock_data\BDCOD
357,stock_data\BDGE
358,stock_data\BDLF
359,stock_data\BDMS
360,stock_data\BDRILL.OL
361,stock_data\BDRY
362,stock_data\BDSIW
363,stock_data\BEAV
364,stock_data\BEE.L
365,stock_data\BEEMW
366,stock_data\BEL
367,stock_data\BEL.OL
368,stock_data\BELI.PA
369,stock_data\BEOW
370,stock_data\BESP
371,stock_data\BETR
372,stock_data\BFA
373,stock_data\BFB
374,stock_data\BFGC
375,stock_data\BFS-B
376,stock_data\BFT-WT
377,stock_data\BFYT
378,stock_data\BGB
379,stock_data\BGC
380,stock_data\BGCA
381,stock_data\BGCPV
382,stock_data\BGF
383,stock_data\BGG
384,stock_data\BGLEI
385,stock_data\BHAC
386,stock_data\BHACR
387,stock_data\BHACU
388,stock_data\BHACW
389,stock_data\BHBK
390,stock_data\BHCV
391,stock_data\BHRD.L
392,stock_data\BHSEU
393,stock_data\BID
394,stock_data\BIGN
395,stock_data\BIIBV
396,stock_data\BIND
397,stock_data\BIOA
398,stock_data\BIOS
399,stock_data\BIOX+
400,stock_data\BISV.ME
401,stock_data\BIT
402,stock_data\BITA
403,stock_data\BK-PC
404,stock_data\BKJ
405,stock_data\BKMU
406,stock_data\BKPC
407,stock_data\BKS
408,stock_data\BKX.TO
409,stock_data\BLA.AX
410,stock_data\BLBD.L
411,stock_data\BLGID
412,stock_data\BLIN++++++++++
413,stock_data\BLIN.SW
414,stock_data\BLMT
415,stock_data\BLNKW
416,stock_data\BLOX
417,stock_data\BLT
418,stock_data\BLT.SW
419,stock_data\BLUE.PA
420,stock_data\BLVDW
421,stock_data\BMAQ
422,stock_data\BMBM
423,stock_data\BMCH
424,stock_data\BMPG.L
425,stock_data\BMR
426,stock_data\BMRG
427,stock_data\BMRG+
428,stock_data\BMRG-WT
429,stock_data\BMS
430,stock_data\BMSN
431,stock_data\BMSND
432,stock_data\BMY-RI
433,stock_data\BNCN
434,stock_data\BND.PA
435,stock_data\BNI
436,stock_data\BNK
437,stock_data\BNO
438,stock_data\BNP.TO
439,stock_data\BOAC
440,stock_data\BOAC-UN
441,stock_data\BOBE
442,stock_data\BOCA
443,stock_data\BOJA
444,stock_data\BOLD
445,stock_data\BON.OL
446,stock_data\BONT
447,stock_data\BOTHD
448,stock_data\BOUVET.OL
449,stock_data\BOWXU
450,stock_data\BOXLW
451,stock_data\BOY.TO
452,stock_data\BPFHP
453,stock_data\BPFHW
454,stock_data\BPL
455,stock_data\BPMX
456,stock_data\BPOPM
457,stock_data\BPOPN
458,stock_data\BPR
459,stock_data\BQAD.L
460,stock_data\BRCD
461,stock_data\BRCM
462,stock_data\BREW
463,stock_data\BREZU
464,stock_data\BRH.DE
465,stock_data\BRKA
466,stock_data\BRKB
467,stock_data\BRLIU
468,stock_data\BRLU
469,stock_data\BRMK+
470,stock_data\BRMK-WT
471,stock_data\BROGR
472,stock_data\BROGU
473,stock_data\BRPAR
474,stock_data\BRPAW
475,stock_data\BRPM
476,stock_data\BRSS
477,stock_data\BSF
478,stock_data\BSFT
479,stock_data\BSLU
480,stock_data\BSN
481,stock_data\BSN-UN
482,stock_data\BSP.AX
483,stock_data\BSRT.L
484,stock_data\BST
485,stock_data\BSTC
486,stock_data\BSTCE
487,stock_data\BSTZ
488,stock_data\BSYN
489,stock_data\BT.TO
490,stock_data\BTAQU
491,stock_data\BTBD
492,stock_data\BTE
493,stock_data\BTTGY
494,stock_data\BTWNU
495,stock_data\BUFF
496,stock_data\BUG.AX
497,stock_data\BURG
498,stock_data\BVA
499,stock_data\BVSN
500,stock_data\BWG
501,stock_data\BWL-A
502,stock_data\BWLA
503,stock_data\BWLD
504,stock_data\BWMCU
505,stock_data\BWMYD
506,stock_data\BWP
507,stock_data\BXCR
508,stock_data\BXLT
509,stock_data\BXXY
510,stock_data\BYBK
511,stock_data\BYLK
512,stock_data\BZI
513,stock_data\BZT
514,stock_data\C9F.DE
515,stock_data\CA
516,stock_data\CAA
517,stock_data\CAB
518,stock_data\CACB
519,stock_data\CACG
520,stock_data\CACQ
521,stock_data\CACU
522,stock_data\CADC
523,stock_data\CAFD
524,stock_data\CAL.TO
525,stock_data\CALD
526,stock_data\CALL
527,stock_data\CAM
528,stock_data\CAMU
529,stock_data\CAMW
530,stock_data\CAP-WT
531,stock_data\CAP.DE
532,stock_data\CAPAU
533,stock_data\CAPNW
534,stock_data\CARB
535,stock_data\CARO
536,stock_data\CART
537,stock_data\CASM
538,stock_data\CAT.L
539,stock_data\CATC.L
540,stock_data\CATS
541,stock_data\CATYW
542,stock_data\CAVM
543,stock_data\CAZAW
544,stock_data\CBCO
545,stock_data\CBF
546,stock_data\CBHD.DE
547,stock_data\CBI
548,stock_data\CBK
549,stock_data\CBKC
550,stock_data\CBKD.L
551,stock_data\CBL
552,stock_data\CBLK
553,stock_data\CBM
554,stock_data\CBMX
555,stock_data\CBNJ
556,stock_data\CBPX
557,stock_data\CBS
558,stock_data\CBSHP
559,stock_data\CBTE
560,stock_data\CCAC+
561,stock_data\CCAC-UN
562,stock_data\CCC
563,stock_data\CCCL
564,stock_data\CCCLW
565,stock_data\CCCP
566,stock_data\CCD
567,stock_data\CCG
568,stock_data\CCH
569,stock_data\CCH-WT
570,stock_data\CCI-PA
571,stock_data\CCIHY
572,stock_data\CCJI.L
573,stock_data\CCP
574,stock_data\CCPG.L
575,stock_data\CCR
576,stock_data\CCRE
577,stock_data\CCSL.L
578,stock_data\CCX-WT
579,stock_data\CCXX-WT
580,stock_data\CCZ
581,stock_data\CD2.AX
582,stock_data\CDI
583,stock_data\CDIXD
584,stock_data\CDM.L
585,stock_data\CDSI
586,stock_data\CDV.AX
587,stock_data\CDV.TO
588,stock_data\CEB
589,stock_data\CEC
590,stock_data\CECO
591,stock_data\CEIR.L
592,stock_data\CEL
593,stock_data\CELG
594,stock_data\CELG-RI
595,stock_data\CELGZ
596,stock_data\CEM
597,stock_data\CEMID
598,stock_data\CENB
599,stock_data\CEQP^
600,stock_data\CERP.L
601,stock_data\CESCVENT.NS
602,stock_data\CETC
603,stock_data\CETV
604,stock_data\CETXW
605,stock_data\CEVU
606,stock_data\CEZ
607,stock_data\CFACU
608,stock_data\CFBI
609,stock_data\CFC
610,stock_data\CFCB
611,stock_data\CFE.AX
612,stock_data\CFFA
613,stock_data\CFFAU
614,stock_data\CFFAW
615,stock_data\CFIIU
616,stock_data\CFIIW
617,stock_data\CFNL
618,stock_data\CFRXW
619,stock_data\CFRXZ
620,stock_data\CGL.AX
621,stock_data\CGO.L
622,stock_data\CGR.AX
623,stock_data\CGROU
624,stock_data\CGROW
625,stock_data\CH1A.DE
626,stock_data\CHAP
627,stock_data\CHAQ+
628,stock_data\CHAQ-WT
629,stock_data\CHEV
630,stock_data\CHFN
631,stock_data\CHFSW
632,stock_data\CHFW-UN
633,stock_data\CHK-W
634,stock_data\CHKPQ
635,stock_data\CHKVQ
636,stock_data\CHLN
637,stock_data\CHMT
638,stock_data\CHNGU
639,stock_data\CHPMW
640,stock_data\CHSP
641,stock_data\CICU
642,stock_data\CID.L
643,stock_data\CIEND
644,stock_data\CIFC
645,stock_data\CIFU.L
646,stock_data\CIICU
647,stock_data\CIRC
648,stock_data\CISN
649,stock_data\CIT.DE
650,stock_data\CITGQ
651,stock_data\CIVI
652,stock_data\CJ
653,stock_data\CKEC
654,stock_data\CKHW
655,stock_data\CKP
656,stock_data\CLAC
657,stock_data\CLACU
658,stock_data\CLBH
659,stock_data\CLC
660,stock_data\CLCD
661,stock_data\CLCT
662,stock_data\CLHRF
663,stock_data\CLIM.L
664,stock_data\CLL.L
665,stock_data\CLMS
666,stock_data\CLNH
667,stock_data\CLR.TO
668,stock_data\CLRBW
669,stock_data\CLRBZ
670,stock_data\CLSU.L
671,stock_data\CLUB
672,stock_data\CMAWS
673,stock_data\CMFNL
674,stock_data\CMGB
675,stock_data\CMLP
676,stock_data\CMLSQ
677,stock_data\CMPX
678,stock_data\CMRF
679,stock_data\CMSD
680,stock_data\CNAT
681,stock_data\CNCL
682,stock_data\CNCT.L
683,stock_data\CND-UN
684,stock_data\CNEL.L
685,stock_data\CNIC
686,stock_data\CNL
687,stock_data\CNMF
688,stock_data\CNO-PA
689,stock_data\CNXM
690,stock_data\CNXR
691,stock_data\CNYD
692,stock_data\COB
693,stock_data\COBZ
694,stock_data\COFWS
695,stock_data\COGEC.PA
696,stock_data\COL
697,stock_data\COLE
698,stock_data\COM.DE
699,stock_data\COMD.SW
700,stock_data\CONXU
701,stock_data\CORI
702,stock_data\CORV
703,stock_data\CORVF
704,stock_data\COS.L
705,stock_data\COSI
706,stock_data\COT
707,stock_data\COV.OL
708,stock_data\COVS
709,stock_data\COWNL
710,stock_data\CPAA
711,stock_data\CPAAU
712,stock_data\CPER
713,stock_data\CPGX
714,stock_data\CPHD
715,stock_data\CPKA
716,stock_data\CPLA
717,stock_data\CPN
718,stock_data\CPOW
719,stock_data\CPPL
720,stock_data\CPS.L
721,stock_data\CPSHE
722,stock_data\CPSR
723,stock_data\CPT.L
724,stock_data\CPXX
725,stock_data\CPYA
726,stock_data\CQD.DE
727,stock_data\CQE.TO
728,stock_data\CQH
729,stock_data\CRAY
730,stock_data\CRAYON.OL
731,stock_data\CRCM
732,stock_data\CRCQQ
733,stock_data\CRCUD
734,stock_data\CRDA
735,stock_data\CRDS
736,stock_data\CRGC
737,stock_data\CRGF
738,stock_data\CRHC
739,stock_data\CRN
740,stock_data\CRR
741,stock_data\CRRTQ
742,stock_data\CRSAU
743,stock_data\CRSAW
744,stock_data\CRTDW
745,stock_data\CRTN
746,stock_data\CRVP
747,stock_data\CRWN
748,stock_data\CRZO
749,stock_data\CSA
750,stock_data\CSBK
751,stock_data\CSBRE
752,stock_data\CSC
753,stock_data\CSC.DE
754,stock_data\CSCD
755,stock_data\CSFL
756,stock_data\CSGN
757,stock_data\CSH
758,stock_data\CSOFE
759,stock_data\CSPIE
760,stock_data\CSRA
761,stock_data\CSS
762,stock_data\CSSEN
763,stock_data\CST
764,stock_data\CSWCL
765,stock_data\CSWCV
766,stock_data\CTA
767,stock_data\CTAC
768,stock_data\CTAC-UN
769,stock_data\CTACU
770,stock_data\CTAPRB
771,stock_data\CTAQU
772,stock_data\CTBB
773,stock_data\CTCM
774,stock_data\CTCT
775,stock_data\CTDH
776,stock_data\CTI.L
777,stock_data\CTICD
778,stock_data\CTL
779,stock_data\CTO.DE
780,stock_data\CTQ
781,stock_data\CTRA
782,stock_data\CTRC
783,stock_data\CTRL
784,stock_data\CTT+++++++++++
785,stock_data\CTTU
786,stock_data\CTTW
787,stock_data\CTU
788,stock_data\CTV
789,stock_data\CTW
790,stock_data\CTWS
791,stock_data\CTXRW
792,stock_data\CTXSV
793,stock_data\CTY
794,stock_data\CUBS
795,stock_data\CUDA
796,stock_data\CUI
797,stock_data\CUNB
798,stock_data\CUO
799,stock_data\CURIW
800,stock_data\CV
801,stock_data\CVA.DE
802,stock_data\CVC
803,stock_data\CVF.AX
804,stock_data\CVG
805,stock_data\CVIA
806,stock_data\CVIAQ
807,stock_data\CVLB
808,stock_data\CVLBD
809,stock_data\CVRR
810,stock_data\CVTI
811,stock_data\CWAY
812,stock_data\CWEI
813,stock_data\CWENA
814,stock_data\CXO
815,stock_data\CY
816,stock_data\CYAND
817,stock_data\CYB.TO
818,stock_data\CYHHZ
819,stock_data\CYNO
820,stock_data\CYOU
821,stock_data\CYRXW
822,stock_data\CYS
823,stock_data\CYVIZ.OL
824,stock_data\CZFC
825,stock_data\CZI.AX
826,stock_data\D.TO
827,stock_data\D13.AX
828,stock_data\DADD
829,stock_data\DANIGAS.NS
830,stock_data\DATA
831,stock_data\DAU.AX
832,stock_data\DBA
833,stock_data\DBB
834,stock_data\DBC
835,stock_data\DBCP
836,stock_data\DBDRW
837,stock_data\DBE
838,stock_data\DBO
839,stock_data\DBP
840,stock_data\DBS
841,stock_data\DBV
842,stock_data\DC6.DE
843,stock_data\DCAR
844,stock_data\DCIX
845,stock_data\DCP-PB
846,stock_data\DCRBU
847,stock_data\DCRBW
848,stock_data\DCUA
849,stock_data\DCUB
850,stock_data\DCUC
851,stock_data\DD7E.IR
852,stock_data\DDE
853,stock_data\DDI
854,stock_data\DDMX
855,stock_data\DDMXW
856,stock_data\DDT
857,stock_data\DEACU
858,stock_data\DEDAL.PA
859,stock_data\DEEPIND.NS
860,stock_data\DEH-WT
861,stock_data\DEL
862,stock_data\DERM
863,stock_data\DEST
864,stock_data\DF
865,stock_data\DFBH
866,stock_data\DFCOE
867,stock_data\DFHTU
868,stock_data\DFNS+
869,stock_data\DFNS-UN
870,stock_data\DFNSU
871,stock_data\DFP
872,stock_data\DFPHU
873,stock_data\DFRG
874,stock_data\DFT
875,stock_data\DGAS
876,stock_data\DGE
877,stock_data\DGI
878,stock_data\DGL
879,stock_data\DGNR
880,stock_data\DGSE
881,stock_data\DHR.AX
882,stock_data\DHRM
883,stock_data\DI.AX
884,stock_data\DIG.PA
885,stock_data\DILW
886,stock_data\DISHR
887,stock_data\DIVI.L
888,stock_data\DKG.DE
889,stock_data\DKNGW
890,stock_data\DKNGZ
891,stock_data\DLPH
892,stock_data\DLRCP
893,stock_data\DMND
894,stock_data\DMPI
895,stock_data\DMS+
896,stock_data\DMS-WT
897,stock_data\DMTKW
898,stock_data\DMTX
899,stock_data\DMYD-UN
900,stock_data\DMYI-UN
901,stock_data\DMYT
902,stock_data\DMYT+
903,stock_data\DMYT-UN
904,stock_data\DNA.L
905,stock_data\DNA2.L
906,stock_data\DNBF
907,stock_data\DNJR
908,stock_data\DNKN
909,stock_data\DNR
910,stock_data\DNRCQ
911,stock_data\DNRWW
912,stock_data\DO
913,stock_data\DOVA
914,stock_data\DPDWD
915,stock_data\DPG
916,stock_data\DPHC
917,stock_data\DPHCU
918,stock_data\DPHCW
919,stock_data\DPL
920,stock_data\DPLO
921,stock_data\DPP.L
922,stock_data\DQ5.IR
923,stock_data\DQW1.DE
924,stock_data\DRAD
925,stock_data\DRADP
926,stock_data\DREAP
927,stock_data\DRII
928,stock_data\DRIV
929,stock_data\DRO
930,stock_data\DRUA
931,stock_data\DRVD
932,stock_data\DSAC
933,stock_data\DSCI
934,stock_data\DSE
935,stock_data\DSKX
936,stock_data\DSL
937,stock_data\DSM.L
938,stock_data\DST
939,stock_data\DSW
940,stock_data\DT3.DE
941,stock_data\DTG.L
942,stock_data\DTLK
943,stock_data\DTP
944,stock_data\DTQ
945,stock_data\DTRM
946,stock_data\DTSI
947,stock_data\DTV
948,stock_data\DTVL.L
949,stock_data\DTY
950,stock_data\DTZ
951,stock_data\DUKB
952,stock_data\DUKH
953,stock_data\DUNE
954,stock_data\DUSA
955,stock_data\DVY
956,stock_data\DWA
957,stock_data\DWAQ
958,stock_data\DWCH
959,stock_data\DWRE
960,stock_data\DWS.AX
961,stock_data\DXI.TO
962,stock_data\DXPA
963,stock_data\DY2.DE
964,stock_data\DYAX
965,stock_data\E3X1.DE
966,stock_data\EAA
967,stock_data\EAB
968,stock_data\EACOD
969,stock_data\EACQ
970,stock_data\EACQU
971,stock_data\EACQW
972,stock_data\EAI
973,stock_data\EBAYL
974,stock_data\EBE.DE
975,stock_data\ECA
976,stock_data\ECAC
977,stock_data\ECACR
978,stock_data\ECACU
979,stock_data\ECASA.PA
980,stock_data\ECF.AX
981,stock_data\ECOLW
982,stock_data\ECOM++++++++++
983,stock_data\ECT
984,stock_data\ECYT
985,stock_data\ED1.AX
986,stock_data\EDD
987,stock_data\EDE
988,stock_data\EDF
989,stock_data\EDGE
990,stock_data\EDGW
991,stock_data\EDL.NS
992,stock_data\EDNT
993,stock_data\EDR
994,stock_data\EDTX
995,stock_data\EE
996,stock_data\EEI
997,stock_data\EEP
998,stock_data\EEQ
999,stock_data\EFF
1000,stock_data\EFG
1001,stock_data\EFGD.L
1002,stock_data\EFH.TO
1003,stock_data\EFID.L
1004,stock_data\EFII
1005,stock_data\EFM
1006,stock_data\EFV
1007,stock_data\EGAS
1008,stock_data\EGD.AX
1009,stock_data\EGF.AX
1010,stock_data\EGL
1011,stock_data\EGN
1012,stock_data\EGT
1013,stock_data\EHX.AX
1014,stock_data\EIDX
1015,stock_data\EIGI
1016,stock_data\EJT1.DE
1017,stock_data\EKKH
1018,stock_data\ELAT
1019,stock_data\ELCQ
1020,stock_data\ELEC
1021,stock_data\ELECU
1022,stock_data\ELGX
1023,stock_data\ELGXQ
1024,stock_data\ELJ
1025,stock_data\ELLI
1026,stock_data\ELNK
1027,stock_data\ELON
1028,stock_data\ELRC
1029,stock_data\ELSA.L
1030,stock_data\ELU
1031,stock_data\EMBASSY.NS
1032,stock_data\EMBI
1033,stock_data\EMC
1034,stock_data\EMCI
1035,stock_data\EMES
1036,stock_data\EMG.PA
1037,stock_data\EMGC
1038,stock_data\EMMAW
1039,stock_data\EMMSP
1040,stock_data\EMMSV
1041,stock_data\EMO
1042,stock_data\EMP
1043,stock_data\EMPRD
1044,stock_data\EMQ
1045,stock_data\EMRD
1046,stock_data\EMZ
1047,stock_data\ENB.AX
1048,stock_data\ENBA
1049,stock_data\ENE.AX
1050,stock_data\ENFC
1051,stock_data\ENGI.L
1052,stock_data\ENH
1053,stock_data\ENJ
1054,stock_data\ENLK
1055,stock_data\ENO
1056,stock_data\ENOC
1057,stock_data\ENPL.L
1058,stock_data\ENSGV
1059,stock_data\ENT
1060,stock_data\ENTL
1061,stock_data\ENVIU
1062,stock_data\EOSEW
1063,stock_data\EOT
1064,stock_data\EOT.DE
1065,stock_data\EOX
1066,stock_data\EP-PC
1067,stock_data\EPEGQ
1068,stock_data\EPIQ
1069,stock_data\EPRS
1070,stock_data\EQCO
1071,stock_data\EQD
1072,stock_data\EQGP
1073,stock_data\EQM
1074,stock_data\EQY
1075,stock_data\ER.TO
1076,stock_data\ERA
1077,stock_data\ERESU
1078,stock_data\ERI
1079,stock_data\ERIS.L
1080,stock_data\ERN
1081,stock_data\EROS
1082,stock_data\ERS
1083,stock_data\ERT.DE
1084,stock_data\ERX.AX
1085,stock_data\ESA
1086,stock_data\ESCC
1087,stock_data\ESCU
1088,stock_data\ESEAV
1089,stock_data\ESES
1090,stock_data\ESIO
1091,stock_data\ESL
1092,stock_data\ESL.AX
1093,stock_data\ESL.L
1094,stock_data\ESND
1095,stock_data\ESRX
1096,stock_data\ESSCU
1097,stock_data\ESSELPACK.NS
1098,stock_data\ESTR
1099,stock_data\ETAC
1100,stock_data\ETACU
1101,stock_data\ETFC
1102,stock_data\ETFCD
1103,stock_data\ETHE
1104,stock_data\ETHT
1105,stock_data\ETJ
1106,stock_data\ETLN.L
1107,stock_data\ETP
1108,stock_data\ETP-PD
1109,stock_data\ETX
1110,stock_data\EUC.AX
1111,stock_data\EUCRU
1112,stock_data\EV
1113,stock_data\EVBS
1114,stock_data\EVDY
1115,stock_data\EVEP
1116,stock_data\EVEPQ
1117,stock_data\EVGI
1118,stock_data\EVHC
1119,stock_data\EVOLD
1120,stock_data\EVSI
1121,stock_data\EVSIW
1122,stock_data\EVTND
1123,stock_data\EXA
1124,stock_data\EXAC
1125,stock_data\EXAM
1126,stock_data\EXAR
1127,stock_data\EXCU
1128,stock_data\EXPB
1129,stock_data\EXPCU
1130,stock_data\EXPEZ
1131,stock_data\EZT
1132,stock_data\EZU
1133,stock_data\F-PC
1134,stock_data\F03.DE
1135,stock_data\F2P.DE
1136,stock_data\FAII-UN
1137,stock_data\FAIR.L
1138,stock_data\FAIRCHEM.NS
1139,stock_data\FAS.DE
1140,stock_data\FATBW
1141,stock_data\FBM
1142,stock_data\FBNK
1143,stock_data\FBRC
1144,stock_data\FCAA
1145,stock_data\FCAC
1146,stock_data\FCACU
1147,stock_data\FCAL
1148,stock_data\FCAU
1149,stock_data\FCB
1150,stock_data\FCFP
1151,stock_data\FCH
1152,stock_data\FCLF
1153,stock_data\FCRZ
1154,stock_data\FCS
1155,stock_data\FCSC
1156,stock_data\FCSS.L
1157,stock_data\FCTY
1158,stock_data\FDC
1159,stock_data\FDEF
1160,stock_data\FDEU
1161,stock_data\FDML
1162,stock_data\FDO.DE
1163,stock_data\FDUSG
1164,stock_data\FDUSZ
1165,stock_data\FDX.AX
1166,stock_data\FDX.SW
1167,stock_data\FEAC-WT
1168,stock_data\FEDS.L
1169,stock_data\FEES.L
1170,stock_data\FEET.L
1171,stock_data\FEI
1172,stock_data\FEI.AX
1173,stock_data\FEIC
1174,stock_data\FELP
1175,stock_data\FENX
1176,stock_data\FEPI
1177,stock_data\FESLQ
1178,stock_data\FFBCW
1179,stock_data\FFKT
1180,stock_data\FG
1181,stock_data\FGL
1182,stock_data\FGNA-WT
1183,stock_data\FGP
1184,stock_data\FGPR
1185,stock_data\FIG
1186,stock_data\FII
1187,stock_data\FIIIW
1188,stock_data\FINL
1189,stock_data\FIT
1190,stock_data\FIVE.L
1191,stock_data\FJET.L
1192,stock_data\FJHLD
1193,stock_data\FKRAFT.OL
1194,stock_data\FLHID
1195,stock_data\FLLZ
1196,stock_data\FLTX
1197,stock_data\FMCI
1198,stock_data\FMCIU
1199,stock_data\FMCIW
1200,stock_data\FMD
1201,stock_data\FMER
1202,stock_data\FMI
1203,stock_data\FMSA
1204,stock_data\FNBC
1205,stock_data\FNFG
1206,stock_data\FNFV
1207,stock_data\FNG.AS
1208,stock_data\FNGN
1209,stock_data\FNHI
1210,stock_data\FNJN
1211,stock_data\FNMPT
1212,stock_data\FNSR
1213,stock_data\FOGO
1214,stock_data\FOMX
1215,stock_data\FONRP
1216,stock_data\FORK
1217,stock_data\FOSI
1218,stock_data\FP.L
1219,stock_data\FPAC
1220,stock_data\FPAC+
1221,stock_data\FPAC-WT
1222,stock_data\FPACU
1223,stock_data\FPC.AX
1224,stock_data\FPF
1225,stock_data\FPL
1226,stock_data\FPO
1227,stock_data\FPP
1228,stock_data\FPP.AX
1229,stock_data\FRAN
1230,stock_data\FRED
1231,stock_data\FREEW
1232,stock_data\FREJP
1233,stock_data\FRM
1234,stock_data\FRN.AX
1235,stock_data\FRP
1236,stock_data\FRPHV
1237,stock_data\FRSH
1238,stock_data\FSB
1239,stock_data\FSBC
1240,stock_data\FSBK
1241,stock_data\FSCT
1242,stock_data\FSF.AX
1243,stock_data\FSLF
1244,stock_data\FSNN
1245,stock_data\FSRVW
1246,stock_data\FST-UN
1247,stock_data\FSTW
1248,stock_data\FSYS
1249,stock_data\FTAC
1250,stock_data\FTACU
1251,stock_data\FTACW
1252,stock_data\FTFC
1253,stock_data\FTIVU
1254,stock_data\FTNW
1255,stock_data\FTOCU
1256,stock_data\FTR
1257,stock_data\FTRPR
1258,stock_data\FTRQ
1259,stock_data\FTSV
1260,stock_data\FUEL
1261,stock_data\FUNCOM.OL
1262,stock_data\FUR
1263,stock_data\FUSE-UN
1264,stock_data\FVAC-UN
1265,stock_data\FVAC-WT
1266,stock_data\FVRGE
1267,stock_data\FWS
1268,stock_data\FXA
1269,stock_data\FXB
1270,stock_data\FXC
1271,stock_data\FXE
1272,stock_data\FXF
1273,stock_data\FXL.AX
1274,stock_data\FXY
1275,stock_data\G02.DE
1276,stock_data\GAID.L
1277,stock_data\GAINP
1278,stock_data\GALTU
1279,stock_data\GALTW
1280,stock_data\GARS
1281,stock_data\GAS
1282,stock_data\GAZ.L
1283,stock_data\GBLIZ
1284,stock_data\GBM.AX
1285,stock_data\GBNK
1286,stock_data\GBSN
1287,stock_data\GBTC
1288,stock_data\GCACU
1289,stock_data\GCAP
1290,stock_data\GCC
1291,stock_data\GCEC
1292,stock_data\GCI.AX
1293,stock_data\GCNG
1294,stock_data\GDI
1295,stock_data\GDV.TO
1296,stock_data\GDYNW
1297,stock_data\GEB
1298,stock_data\GEC
1299,stock_data\GEFB
1300,stock_data\GEH
1301,stock_data\GEK
1302,stock_data\GEN+++++++++++
1303,stock_data\GER
1304,stock_data\GFNL
1305,stock_data\GFNSL
1306,stock_data\GFNSZ
1307,stock_data\GFOOD
1308,stock_data\GFX-UN
1309,stock_data\GGAC
1310,stock_data\GGACR
1311,stock_data\GGACU
1312,stock_data\GGACW
1313,stock_data\GGZ
1314,stock_data\GHAR
1315,stock_data\GHCW
1316,stock_data\GHDX
1317,stock_data\GHG.L
1318,stock_data\GHHC
1319,stock_data\GHHH
1320,stock_data\GHIVU
1321,stock_data\GHY
1322,stock_data\GI
1323,stock_data\GIB.DE
1324,stock_data\GID.AX
1325,stock_data\GIDYL
1326,stock_data\GIF.L
1327,stock_data\GIG
1328,stock_data\GIG~
1329,stock_data\GIH.DE
1330,stock_data\GIK-WT
1331,stock_data\GILD.SW
1332,stock_data\GIMO
1333,stock_data\GIX-WT
1334,stock_data\GJCU
1335,stock_data\GK
1336,stock_data\GKIN
1337,stock_data\GLADL
1338,stock_data\GLADP
1339,stock_data\GLAQU
1340,stock_data\GLBL
1341,stock_data\GLD
1342,stock_data\GLDC
1343,stock_data\GLDLF
1344,stock_data\GLDW
1345,stock_data\GLEO-WT
1346,stock_data\GLF
1347,stock_data\GLGIE
1348,stock_data\GLIBA
1349,stock_data\GLNS
1350,stock_data\GLOW
1351,stock_data\GLTR
1352,stock_data\GLTR.L
1353,stock_data\GMCR
1354,stock_data\GMEB
1355,stock_data\GMGID
1356,stock_data\GMHI
1357,stock_data\GMHIU
1358,stock_data\GMHIW
1359,stock_data\GMO
1360,stock_data\GMP.L
1361,stock_data\GMP.TO
1362,stock_data\GMPP.L
1363,stock_data\GMPWE
1364,stock_data\GMTA
1365,stock_data\GMV.AX
1366,stock_data\GMVD
1367,stock_data\GMWSB
1368,stock_data\GMZ
1369,stock_data\GNBC
1370,stock_data\GNC
1371,stock_data\GNCIQ
1372,stock_data\GNMX
1373,stock_data\GNOM
1374,stock_data\GNPK-UN
1375,stock_data\GNRSW
1376,stock_data\GNRT
1377,stock_data\GNVC
1378,stock_data\GOAC
1379,stock_data\GOCO.L
1380,stock_data\GOF
1381,stock_data\GOJO
1382,stock_data\GOM
1383,stock_data\GOODO
1384,stock_data\GOODP
1385,stock_data\GOVXD
1386,stock_data\GOVXW
1387,stock_data\GPAQ
1388,stock_data\GPAQU
1389,stock_data\GPIC
1390,stock_data\GPJA
1391,stock_data\GPLB
1392,stock_data\GPM.L
1393,stock_data\GPOR
1394,stock_data\GPSS.L
1395,stock_data\GPT
1396,stock_data\GPX.AX
1397,stock_data\GRAF
1398,stock_data\GRAF+
1399,stock_data\GRAF-WT
1400,stock_data\GRAH
1401,stock_data\GRAM
1402,stock_data\GRB.AX
1403,stock_data\GRBX
1404,stock_data\GRCK
1405,stock_data\GRCYU
1406,stock_data\GRCYW
1407,stock_data\GRIF
1408,stock_data\GRIFE
1409,stock_data\GRNVW
1410,stock_data\GROW
1411,stock_data\GROW.L
1412,stock_data\GRSH
1413,stock_data\GRSHU
1414,stock_data\GRSVU
1415,stock_data\GRSVW
1416,stock_data\GRT-UN.TO
1417,stock_data\GRTB.L
1418,stock_data\GRTD
1419,stock_data\GRWCD
1420,stock_data\GRYO
1421,stock_data\GS.SW
1422,stock_data\GSAH-UN
1423,stock_data\GSAH-WT
1424,stock_data\GSB
1425,stock_data\GSCE
1426,stock_data\GSG
1427,stock_data\GSGG
1428,stock_data\GSH
1429,stock_data\GSJ.DE
1430,stock_data\GSW.AX
1431,stock_data\GTECW
1432,stock_data\GTHAE
1433,stock_data\GTNA
1434,stock_data\GTPPP
1435,stock_data\GTSS.ME
1436,stock_data\GTWN
1437,stock_data\GTX
1438,stock_data\GTXI
1439,stock_data\GTYHU
1440,stock_data\GUA
1441,stock_data\GUID
1442,stock_data\GULF
1443,stock_data\GV
1444,stock_data\GV1O.L
1445,stock_data\GV2O.L
1446,stock_data\GVBT
1447,stock_data\GVC.L
1448,stock_data\GVF.AX
1449,stock_data\GVP.L
1450,stock_data\GWACU
1451,stock_data\GWACW
1452,stock_data\GWR
1453,stock_data\GXGXU
1454,stock_data\GXGXW
1455,stock_data\GXP
1456,stock_data\GXXMD
1457,stock_data\HAACU
1458,stock_data\HAACW
1459,stock_data\HAB.DE
1460,stock_data\HABT
1461,stock_data\HAE.DE
1462,stock_data\HAFNIA.OL
1463,stock_data\HAIR
1464,stock_data\HAR
1465,stock_data\HAWEM
1466,stock_data\HAWK
1467,stock_data\HAWLN
1468,stock_data\HBANP
1469,stock_data\HBIOV
1470,stock_data\HBK
1471,stock_data\HCAC
1472,stock_data\HCACU
1473,stock_data\HCACW
1474,stock_data\HCAPL
1475,stock_data\HCCC
1476,stock_data\HCCCD
1477,stock_data\HCCH
1478,stock_data\HCCHR
1479,stock_data\HCCHU
1480,stock_data\HCCHW
1481,stock_data\HCCO
1482,stock_data\HCCOW
1483,stock_data\HCFT
1484,stock_data\HCJ
1485,stock_data\HCOM
1486,stock_data\HCR
1487,stock_data\HCRSQ
1488,stock_data\HCXZ
1489,stock_data\HD.SW
1490,stock_data\HDLS
1491,stock_data\HDNG
1492,stock_data\HDP
1493,stock_data\HDS
1494,stock_data\HEAT
1495,stock_data\HEBT
1496,stock_data\HECCU
1497,stock_data\HECCW
1498,stock_data\HEIA
1499,stock_data\HEOP
1500,stock_data\HERO
1501,stock_data\HF
1502,stock_data\HFBC
1503,stock_data\HFEN
1504,stock_data\HFF.DE
1505,stock_data\HFFC
1506,stock_data\HFRO
1507,stock_data\HGEND
1508,stock_data\HGH
1509,stock_data\HGM.L
1510,stock_data\HHHHR
1511,stock_data\HHHHU
1512,stock_data\HHPD.L
1513,stock_data\HHS
1514,stock_data\HHT
1515,stock_data\HIDDN.OL
1516,stock_data\HIFR
1517,stock_data\HIG.TO
1518,stock_data\HIGA-UN
1519,stock_data\HIGR
1520,stock_data\HIIQ
1521,stock_data\HINT.L
1522,stock_data\HIP.AX
1523,stock_data\HIVE
1524,stock_data\HJLIW
1525,stock_data\HKIT
1526,stock_data\HKRSQ
1527,stock_data\HLIX
1528,stock_data\HLM-P
1529,stock_data\HLPC
1530,stock_data\HLXA
1531,stock_data\HMI
1532,stock_data\HMI.DE
1533,stock_data\HMLH.L
1534,stock_data\HMSG.L
1535,stock_data\HMSI
1536,stock_data\HN9.DE
1537,stock_data\HNH
1538,stock_data\HNIB.DE
1539,stock_data\HNL.TO
1540,stock_data\HNM.DE
1541,stock_data\HNR
1542,stock_data\HNSN
1543,stock_data\HNT
1544,stock_data\HO1.DE
1545,stock_data\HOFVW
1546,stock_data\HOLUU
1547,stock_data\HONY.L
1548,stock_data\HOS
1549,stock_data\HOSSQ
1550,stock_data\HOT
1551,stock_data\HOTELRUGBY.NS
1552,stock_data\HOVNP
1553,stock_data\HOVU
1554,stock_data\HPDM
1555,stock_data\HPJ
1556,stock_data\HPKEW
1557,stock_data\HPTOU
1558,stock_data\HPTY
1559,stock_data\HPY
1560,stock_data\HRDV
1561,stock_data\HRS.DE
1562,stock_data\HS2.DE
1563,stock_data\HSACU
1564,stock_data\HSBK.L
1565,stock_data\HSE.TO
1566,stock_data\HSEPF
1567,stock_data\HSICV
1568,stock_data\HSNI
1569,stock_data\HSTCE
1570,stock_data\HSTG.L
1571,stock_data\HTBC
1572,stock_data\HTCH
1573,stock_data\HTF
1574,stock_data\HTFA
1575,stock_data\HTGY
1576,stock_data\HTHPA
1577,stock_data\HTS
1578,stock_data\HTWR
1579,stock_data\HTZ
1580,stock_data\HUBA
1581,stock_data\HUD
1582,stock_data\HUSKF
1583,stock_data\HUSPF
1584,stock_data\HVTA
1585,stock_data\HW
1586,stock_data\HWCPZ
1587,stock_data\HWSL.L
1588,stock_data\HYAC
1589,stock_data\HYACU
1590,stock_data\HYACW
1591,stock_data\HYBG
1592,stock_data\HYDG.L
1593,stock_data\HYDR.L
1594,stock_data\HYGO
1595,stock_data\HYI
1596,stock_data\HYLN-WT
1597,stock_data\HYMWW
1598,stock_data\HYTM
1599,stock_data\HZAC
1600,stock_data\HZD.L
1601,stock_data\HZON-UN
1602,stock_data\IACID
1603,stock_data\IAM.AX
1604,stock_data\IAU
1605,stock_data\IBB
1606,stock_data\IBCPO
1607,stock_data\IBKC
1608,stock_data\IBULISL.NS
1609,stock_data\IBVENTURES.NS
1610,stock_data\ICF
1611,stock_data\ICGL
1612,stock_data\ICLDW
1613,stock_data\ICU.AX
1614,stock_data\IDIV
1615,stock_data\IDSA
1616,stock_data\IDSY
1617,stock_data\IDTI
1618,stock_data\IEAWW
1619,stock_data\IEF
1620,stock_data\IEHCE
1621,stock_data\IEO
1622,stock_data\IFF.PA
1623,stock_data\IFFT
1624,stock_data\IFTV
1625,stock_data\IGACU
1626,stock_data\IGCIW
1627,stock_data\IGE
1628,stock_data\IGE.AX
1629,stock_data\IGIB
1630,stock_data\IGSB
1631,stock_data\IGV
1632,stock_data\IHETW
1633,stock_data\IHS
1634,stock_data\IIAC-UN
1635,stock_data\IID
1636,stock_data\IJT
1637,stock_data\IL
1638,stock_data\ILG
1639,stock_data\IM
1640,stock_data\IMACW
1641,stock_data\IMC.L
1642,stock_data\IMDS
1643,stock_data\IMDZ
1644,stock_data\IMI
1645,stock_data\IMLFF
1646,stock_data\IMMU
1647,stock_data\IMNP
1648,stock_data\IMO.L
1649,stock_data\IMO1.DE
1650,stock_data\IMPR
1651,stock_data\IMPV
1652,stock_data\IMS
1653,stock_data\IMVTW
1654,stock_data\IMXIW
1655,stock_data\INAB
1656,stock_data\INAP
1657,stock_data\INAQU
1658,stock_data\INB
1659,stock_data\INBKZ
1660,stock_data\INDBN
1661,stock_data\INDIGRID.NS
1662,stock_data\INFRATEL.NS
1663,stock_data\INFRNT.OL
1664,stock_data\ING.PA
1665,stock_data\ININ
1666,stock_data\INLXD
1667,stock_data\INN.PA
1668,stock_data\INNO
1669,stock_data\INNT
1670,stock_data\INR.DE
1671,stock_data\INSA
1672,stock_data\INSEW
1673,stock_data\INST
1674,stock_data\INSU
1675,stock_data\INSUU
1676,stock_data\INSUW
1677,stock_data\INSW-PA
1678,stock_data\INSY
1679,stock_data\INTB
1680,stock_data\INTL
1681,stock_data\INTLL
1682,stock_data\INTX
1683,stock_data\INVN
1684,stock_data\INVOD
1685,stock_data\INWK
1686,stock_data\INXN
1687,stock_data\IOTS
1688,stock_data\IP-W
1689,stock_data\IPAS
1690,stock_data\IPATD
1691,stock_data\IPB
1692,stock_data\IPCC
1693,stock_data\IPHS
1694,stock_data\IPLP.TO
1695,stock_data\IPOB
1696,stock_data\IPOB+
1697,stock_data\IPOB-WT
1698,stock_data\IPOBU
1699,stock_data\IPOC
1700,stock_data\IPOC+
1701,stock_data\IPOC-WT
1702,stock_data\IPOCU
1703,stock_data\IPOD
1704,stock_data\IPOF
1705,stock_data\IPV+
1706,stock_data\IPV-WT
1707,stock_data\IPXL
1708,stock_data\IQNT
1709,stock_data\IR5B.IR
1710,stock_data\IRBINVIT.NS
1711,stock_data\IRC
1712,stock_data\IRDMB
1713,stock_data\IRDMZ
1714,stock_data\IRET
1715,stock_data\IRET-PC
1716,stock_data\IRRZF
1717,stock_data\ISCA
1718,stock_data\ISG
1719,stock_data\ISIL
1720,stock_data\ISLE
1721,stock_data\ISM
1722,stock_data\ISRB
1723,stock_data\ISRL
1724,stock_data\ITA
1725,stock_data\ITAC
1726,stock_data\ITACU
1727,stock_data\ITACW
1728,stock_data\ITB
1729,stock_data\ITC
1730,stock_data\ITE.OL
1731,stock_data\ITG
1732,stock_data\ITL.PA
1733,stock_data\IUSG
1734,stock_data\IUSV
1735,stock_data\IVH
1736,stock_data\IVPU.L
1737,stock_data\IVQ.AX
1738,stock_data\IVTY
1739,stock_data\IXYS
1740,stock_data\IYJ
1741,stock_data\IYT
1742,stock_data\IYZ
1743,stock_data\JAEREN.OL
1744,stock_data\JAG
1745,stock_data\JAH
1746,stock_data\JASN
1747,stock_data\JASNW
1748,stock_data\JAXB
1749,stock_data\JB7.DE
1750,stock_data\JCAP
1751,stock_data\JCAP-PB
1752,stock_data\JCI.AX
1753,stock_data\JCP
1754,stock_data\JCPNQ
1755,stock_data\JCQQ
1756,stock_data\JE-PA
1757,stock_data\JEC
1758,stock_data\JEFI.L
1759,stock_data\JEMI.L
1760,stock_data\JETI.L
1761,stock_data\JFK
1762,stock_data\JFKKR
1763,stock_data\JFKKU
1764,stock_data\JFKKW
1765,stock_data\JGH
1766,stock_data\JHB
1767,stock_data\JHY
1768,stock_data\JIH+
1769,stock_data\JIH-UN
1770,stock_data\JIH-WT
1771,stock_data\JIVE
1772,stock_data\JJAQF
1773,stock_data\JKA.AX
1774,stock_data\JKI
1775,stock_data\JM2.DE
1776,stock_data\JMBA
1777,stock_data\JMDA
1778,stock_data\JMEI
1779,stock_data\JMG
1780,stock_data\JMI
1781,stock_data\JMLP
1782,stock_data\JMPNZ
1783,stock_data\JMU
1784,stock_data\JNP
1785,stock_data\JNS
1786,stock_data\JONE
1787,stock_data\JOY
1788,stock_data\JPB.L
1789,stock_data\JPEI.L
1790,stock_data\JPEP
1791,stock_data\JPI
1792,stock_data\JPMWS
1793,stock_data\JPOLYINVST.NS
1794,stock_data\JPS.L
1795,stock_data\JSM
1796,stock_data\JTPY
1797,stock_data\JUBILANT.NS
1798,stock_data\JUNO
1799,stock_data\JUPWW
1800,stock_data\JWB
1801,stock_data\JWS-WT
1802,stock_data\JXR.PA
1803,stock_data\JZCC.L
1804,stock_data\KAP.L
1805,stock_data\KARD.AS
1806,stock_data\KAS.AX
1807,stock_data\KATE
1808,stock_data\KBLMU
1809,stock_data\KBLMW
1810,stock_data\KBRS
1811,stock_data\KCAC
1812,stock_data\KCAC-UN
1813,stock_data\KCEL.L
1814,stock_data\KCG
1815,stock_data\KEG
1816,stock_data\KEM
1817,stock_data\KER.TO
1818,stock_data\KERNW
1819,stock_data\KERX
1820,stock_data\KEY.PA
1821,stock_data\KEYW
1822,stock_data\KFH
1823,stock_data\KFI
1824,stock_data\KIDZ
1825,stock_data\KIMPJ
1826,stock_data\KIT.L
1827,stock_data\KITE
1828,stock_data\KKD
1829,stock_data\KKR-PC
1830,stock_data\KLA.DE
1831,stock_data\KLDA
1832,stock_data\KLDIW
1833,stock_data\KLDX
1834,stock_data\KLFE
1835,stock_data\KLMN
1836,stock_data\KLMND
1837,stock_data\KLR+
1838,stock_data\KLR-WT
1839,stock_data\KLXI
1840,stock_data\KMG
1841,stock_data\KMPA
1842,stock_data\KND
1843,stock_data\KONA
1844,stock_data\KRS.AX
1845,stock_data\KS
1846,stock_data\KSMT
1847,stock_data\KSMTU
1848,stock_data\KSU^
1849,stock_data\KTEC
1850,stock_data\KTOSD
1851,stock_data\KTWO
1852,stock_data\KVAER.OL
1853,stock_data\KWAC-UN
1854,stock_data\KWN
1855,stock_data\LABL
1856,stock_data\LACQW
1857,stock_data\LAF.PA
1858,stock_data\LAKF
1859,stock_data\LANDP
1860,stock_data\LATNW
1861,stock_data\LAYN
1862,stock_data\LAZX
1863,stock_data\LBCC
1864,stock_data\LBOW.L
1865,stock_data\LBY
1866,stock_data\LBYYQ
1867,stock_data\LCAHU
1868,stock_data\LCAHW
1869,stock_data\LCAPU
1870,stock_data\LCM.AX
1871,stock_data\LCYAU
1872,stock_data\LDP
1873,stock_data\LDR
1874,stock_data\LDRH
1875,stock_data\LEAP
1876,stock_data\LENB
1877,stock_data\LER.AX
1878,stock_data\LF
1879,stock_data\LFAC
1880,stock_data\LFACU
1881,stock_data\LFACW
1882,stock_data\LFERD
1883,stock_data\LFINP
1884,stock_data\LFTRU
1885,stock_data\LFVNV
1886,stock_data\LGC
1887,stock_data\LGC-WT
1888,stock_data\LGCY
1889,stock_data\LGCYQ
1890,stock_data\LGF
1891,stock_data\LGL-R
1892,stock_data\LGYV
1893,stock_data\LHC
1894,stock_data\LHC-WT
1895,stock_data\LHCU
1896,stock_data\LHIL
1897,stock_data\LHO
1898,stock_data\LI3.AX
1899,stock_data\LID.L
1900,stock_data\LILAR
1901,stock_data\LIME
1902,stock_data\LINDW
1903,stock_data\LINE
1904,stock_data\LION
1905,stock_data\LIOX
1906,stock_data\LIVKW
1907,stock_data\LJPCD
1908,stock_data\LK
1909,stock_data\LKSD
1910,stock_data\LKSDQ
1911,stock_data\LLEX
1912,stock_data\LLEXQ
1913,stock_data\LLTC
1914,stock_data\LLTIE
1915,stock_data\LM
1916,stock_data\LMBHW
1917,stock_data\LMFAW
1918,stock_data\LMI
1919,stock_data\LMIA
1920,stock_data\LMNL.TO
1921,stock_data\LMOS
1922,stock_data\LN
1923,stock_data\LNBY
1924,stock_data\LNCE
1925,stock_data\LNCO
1926,stock_data\LNCWS
1927,stock_data\LNFA-UN
1928,stock_data\LNG.AX
1929,stock_data\LNKD
1930,stock_data\LNTA.L
1931,stock_data\LOACU
1932,stock_data\LOACW
1933,stock_data\LOAK+
1934,stock_data\LOAK-WT
1935,stock_data\LOCK
1936,stock_data\LOGG
1937,stock_data\LOGM
1938,stock_data\LOGMV
1939,stock_data\LOJN
1940,stock_data\LON.AX
1941,stock_data\LOVA
1942,stock_data\LOXO
1943,stock_data\LPNT
1944,stock_data\LPSB
1945,stock_data\LPT
1946,stock_data\LQMTE
1947,stock_data\LRM.AX
1948,stock_data\LSAA.L
1949,stock_data\LSAC
1950,stock_data\LSACU
1951,stock_data\LSBG
1952,stock_data\LSE.L
1953,stock_data\LSRG.L
1954,stock_data\LSSDF
1955,stock_data\LSXMR
1956,stock_data\LTD.DE
1957,stock_data\LTM
1958,stock_data\LTOD.L
1959,stock_data\LTRXD
1960,stock_data\LTS
1961,stock_data\LU2.DE
1962,stock_data\LUXAU
1963,stock_data\LV2B.DE
1964,stock_data\LVDW
1965,stock_data\LVGO
1966,stock_data\LVLT
1967,stock_data\LVXI
1968,stock_data\LXK
1969,stock_data\LXRP
1970,stock_data\LY0.DE
1971,stock_data\LZGI
1972,stock_data\MA1.DE
1973,stock_data\MAACU
1974,stock_data\MACU
1975,stock_data\MADL
1976,stock_data\MAGAA
1977,stock_data\MAGIS.PA
1978,stock_data\MAIL.L
1979,stock_data\MAMME
1980,stock_data\MAMS
1981,stock_data\MAR.AX
1982,stock_data\MASW
1983,stock_data\MATE.L
1984,stock_data\MATR
1985,stock_data\MAX.TO
1986,stock_data\MB
1987,stock_data\MBFI
1988,stock_data\MBFIP
1989,stock_data\MBRG
1990,stock_data\MBTF
1991,stock_data\MBVT
1992,stock_data\MCACU
1993,stock_data\MCC
1994,stock_data\MCD.DE
1995,stock_data\MCMJW
1996,stock_data\MCP.DE
1997,stock_data\MCRN
1998,stock_data\MCS.L
1999,stock_data\MCT.L
2000,stock_data\MCTC
2001,stock_data\MCV
2002,stock_data\MDAS
2003,stock_data\MDCO
2004,stock_data\MDGSW
2005,stock_data\MDLQ
2006,stock_data\MDLX
2007,stock_data\MDMG.L
2008,stock_data\MDR
2009,stock_data\MDRIQ
2010,stock_data\MDRPD
2011,stock_data\MDRPF
2012,stock_data\MDRXD
2013,stock_data\MDSO
2014,stock_data\MDSY
2015,stock_data\MDTR
2016,stock_data\MDVN
2017,stock_data\MDVP
2018,stock_data\MDWTD
2019,stock_data\MEC.AX
2020,stock_data\MED.L
2021,stock_data\MEET
2022,stock_data\MELR
2023,stock_data\MEMP
2024,stock_data\MENT
2025,stock_data\MEP
2026,stock_data\MEQ.AX
2027,stock_data\MER-PK
2028,stock_data\MERF.ME
2029,stock_data\MERI.L
2030,stock_data\MESG
2031,stock_data\METR
2032,stock_data\MFAC
2033,stock_data\MFAC-WT
2034,stock_data\MFLX
2035,stock_data\MFO
2036,stock_data\MFRM
2037,stock_data\MFSF
2038,stock_data\MGCD
2039,stock_data\MGEN
2040,stock_data\MGG.DE
2041,stock_data\MGHLD
2042,stock_data\MGN
2043,stock_data\MGNT.L
2044,stock_data\MGR
2045,stock_data\MGT
2046,stock_data\MGZ.AX
2047,stock_data\MHD.AX
2048,stock_data\MHGC
2049,stock_data\MHID.L
2050,stock_data\MHLDO
2051,stock_data\MHN.L
2052,stock_data\MHNA
2053,stock_data\MHNB
2054,stock_data\MHNC
2055,stock_data\MHTXE
2056,stock_data\MICTW
2057,stock_data\MIGT
2058,stock_data\MINI
2059,stock_data\MINI.L
2060,stock_data\MITL
2061,stock_data\MITTPRB
2062,stock_data\MJC.AX
2063,stock_data\MJCO
2064,stock_data\MJN
2065,stock_data\MKCV
2066,stock_data\MKRS
2067,stock_data\MKTO
2068,stock_data\MKV
2069,stock_data\MLACU
2070,stock_data\MLECO.PA
2071,stock_data\MLG
2072,stock_data\MLL.AX
2073,stock_data\MLMAQ.PA
2074,stock_data\MLNT
2075,stock_data\MLNX
2076,stock_data\MLOLM.PA
2077,stock_data\MLSSW
2078,stock_data\MMDM
2079,stock_data\MMK.L
2080,stock_data\MNCL
2081,stock_data\MNCLU
2082,stock_data\MNCLW
2083,stock_data\MNI
2084,stock_data\MNIA
2085,stock_data\MNIQQ
2086,stock_data\MNK
2087,stock_data\MNLO
2088,stock_data\MNRK
2089,stock_data\MNS.TO
2090,stock_data\MNT.TO
2091,stock_data\MNTA
2092,stock_data\MNW.AX
2093,stock_data\MOBQD
2094,stock_data\MOC
2095,stock_data\MOCO
2096,stock_data\MOGB
2097,stock_data\MON
2098,stock_data\MORE
2099,stock_data\MOSC
2100,stock_data\MPG
2101,stock_data\MPH.L
2102,stock_data\MPJ
2103,stock_data\MPLF.L
2104,stock_data\MPLS.L
2105,stock_data\MPLXP
2106,stock_data\MPO.AX
2107,stock_data\MPSX
2108,stock_data\MPWEE
2109,stock_data\MQR.TO
2110,stock_data\MR
2111,stock_data\MRCCL
2112,stock_data\MRIC
2113,stock_data\MRV.AX
2114,stock_data\MRVC
2115,stock_data\MSBF
2116,stock_data\MSCA
2117,stock_data\MSCC
2118,stock_data\MSE.AX
2119,stock_data\MSFG
2120,stock_data\MSG
2121,stock_data\MSL
2122,stock_data\MSN.DE
2123,stock_data\MSOF
2124,stock_data\MTGE
2125,stock_data\MTGEP
2126,stock_data\MTL.AX
2127,stock_data\MTLQQ
2128,stock_data\MTLQU
2129,stock_data\MTSN
2130,stock_data\MUDS
2131,stock_data\MUDSU
2132,stock_data\MUDSW
2133,stock_data\MVC
2134,stock_data\MVISW
2135,stock_data\MVNR
2136,stock_data\MWG
2137,stock_data\MWG.L
2138,stock_data\MWO
2139,stock_data\MWR
2140,stock_data\MWR.AX
2141,stock_data\MWW
2142,stock_data\MXPT
2143,stock_data\MXSGD
2144,stock_data\MXT.AX
2145,stock_data\MXWL
2146,stock_data\MYA.TO
2147,stock_data\MYCC
2148,stock_data\MYL
2149,stock_data\MYMXE
2150,stock_data\MYOK
2151,stock_data\MYOS
2152,stock_data\MYQ.AX
2153,stock_data\N
2154,stock_data\N2F.DE
2155,stock_data\NAK.L
2156,stock_data\NAME
2157,stock_data\NANO.OL
2158,stock_data\NATL
2159,stock_data\NATRE
2160,stock_data\NAV-PD
2161,stock_data\NAVG
2162,stock_data\NAVPD
2163,stock_data\NAWLE
2164,stock_data\NBA-WT
2165,stock_data\NBACW
2166,stock_data\NBB
2167,stock_data\NBBC
2168,stock_data\NBDD.L
2169,stock_data\NBI.AX
2170,stock_data\NBL
2171,stock_data\NBLS.L
2172,stock_data\NCI
2173,stock_data\NCIT
2174,stock_data\NCOM
2175,stock_data\NDGL.NS
2176,stock_data\NDRAU
2177,stock_data\NDRAW
2178,stock_data\NDYND
2179,stock_data\NE
2180,stock_data\NE-W
2181,stock_data\NEBCW
2182,stock_data\NEBLQ
2183,stock_data\NEBU
2184,stock_data\NEBUU
2185,stock_data\NEE-PO
2186,stock_data\NEE-PQ
2187,stock_data\NEEUU
2188,stock_data\NEFF
2189,stock_data\NEIKE
2190,stock_data\NEOND
2191,stock_data\NEU.BR
2192,stock_data\NEV
2193,stock_data\NEWP
2194,stock_data\NEWS
2195,stock_data\NF4.DE
2196,stock_data\NFC
2197,stock_data\NFH+
2198,stock_data\NFIN
2199,stock_data\NFINW
2200,stock_data\NFX
2201,stock_data\NGA-UN
2202,stock_data\NGHC
2203,stock_data\NGHCP
2204,stock_data\NGIO
2205,stock_data\NGLDD
2206,stock_data\NGLS
2207,stock_data\NGLS-PA
2208,stock_data\NHF
2209,stock_data\NHICW
2210,stock_data\NIBC.AS
2211,stock_data\NIE
2212,stock_data\NIHD
2213,stock_data\NIITTECH.NS
2214,stock_data\NILE
2215,stock_data\NIMUE
2216,stock_data\NIQ
2217,stock_data\NK
2218,stock_data\NKA
2219,stock_data\NKLAW
2220,stock_data\NLNK
2221,stock_data\NLRT
2222,stock_data\NLYPD
2223,stock_data\NMBL
2224,stock_data\NMFX
2225,stock_data\NML
2226,stock_data\NML.TO
2227,stock_data\NMMC
2228,stock_data\NMMCU
2229,stock_data\NMRKV
2230,stock_data\NMRX
2231,stock_data\NNPP
2232,stock_data\NNUPE
2233,stock_data\NORBIT.OL
2234,stock_data\NOTR
2235,stock_data\NOV-W
2236,stock_data\NOVSU
2237,stock_data\NP5.DE
2238,stock_data\NPAWW
2239,stock_data\NPBC
2240,stock_data\NPOF.ME
2241,stock_data\NPWI
2242,stock_data\NR21.PA
2243,stock_data\NRCG
2244,stock_data\NRE
2245,stock_data\NRF
2246,stock_data\NRGPA
2247,stock_data\NRGX
2248,stock_data\NRI.TO
2249,stock_data\NRUC
2250,stock_data\NSAM
2251,stock_data\NSCO+
2252,stock_data\NSCO-WT
2253,stock_data\NSH
2254,stock_data\NSH-UN
2255,stock_data\NSM
2256,stock_data\NSPH
2257,stock_data\NSPR+
2258,stock_data\NSPR-WTB
2259,stock_data\NSPXD
2260,stock_data\NSR
2261,stock_data\NSU.DE
2262,stock_data\NTD.AX
2263,stock_data\NTG
2264,stock_data\NTGN
2265,stock_data\NTGRV
2266,stock_data\NTI
2267,stock_data\NTK
2268,stock_data\NTLG.L
2269,stock_data\NTLS
2270,stock_data\NTRI
2271,stock_data\NTRP
2272,stock_data\NTRSP
2273,stock_data\NUOT
2274,stock_data\NUROW
2275,stock_data\NUTR
2276,stock_data\NVBXU
2277,stock_data\NVEEW
2278,stock_data\NVET
2279,stock_data\NVJP.DE
2280,stock_data\NVL
2281,stock_data\NVO.AX
2282,stock_data\NVSL
2283,stock_data\NVTK.L
2284,stock_data\NVUS
2285,stock_data\NWAY.DE
2286,stock_data\NWBOW
2287,stock_data\NWGI
2288,stock_data\NXEGU
2289,stock_data\NXTDW
2290,stock_data\NXTM
2291,stock_data\NYCB-PU
2292,stock_data\NYNY
2293,stock_data\NYRT
2294,stock_data\O1BC.SW
2295,stock_data\O5Q.DE
2296,stock_data\OA
2297,stock_data\OAC
2298,stock_data\OAC+
2299,stock_data\OAC-WT
2300,stock_data\OAK
2301,stock_data\OAK-PA
2302,stock_data\OB
2303,stock_data\OBJ.AX
2304,stock_data\OCAT
2305,stock_data\OCIP
2306,stock_data\OCLR
2307,stock_data\OCRX
2308,stock_data\OCT.L
2309,stock_data\OCWSB
2310,stock_data\ODP.DE
2311,stock_data\OFCPL
2312,stock_data\OFSSI
2313,stock_data\OFSSZ
2314,stock_data\OGZD.L
2315,stock_data\OHGI
2316,stock_data\OIH.L
2317,stock_data\OIIMD
2318,stock_data\OKEY.L
2319,stock_data\OKS
2320,stock_data\OKSB
2321,stock_data\OLBG
2322,stock_data\OLBK
2323,stock_data\OLENW
2324,stock_data\OLV.AX
2325,stock_data\OME
2326,stock_data\OMED
2327,stock_data\OMMETALS.NS
2328,stock_data\OMN
2329,stock_data\OMPS
2330,stock_data\ONCE
2331,stock_data\ONDK
2332,stock_data\ONEQ
2333,stock_data\ONVI
2334,stock_data\ONXEO.PA
2335,stock_data\OPB
2336,stock_data\OPC.AX
2337,stock_data\OPES
2338,stock_data\OPESW
2339,stock_data\OPGNW
2340,stock_data\OPM.L
2341,stock_data\OPWR
2342,stock_data\OPX
2343,stock_data\ORCL.SW
2344,stock_data\OREX
2345,stock_data\ORSN
2346,stock_data\ORSNR
2347,stock_data\ORSNW
2348,stock_data\OSB
2349,stock_data\OSB.TO
2350,stock_data\OSBCP
2351,stock_data\OSIR
2352,stock_data\OSLE
2353,stock_data\OSM
2354,stock_data\OTELLO.OL
2355,stock_data\OTIV
2356,stock_data\OTLKW
2357,stock_data\OTRAW
2358,stock_data\OUNZ
2359,stock_data\OUTR
2360,stock_data\OVH.AX
2361,stock_data\OVTI
2362,stock_data\OXC.TO
2363,stock_data\OXFD
2364,stock_data\OXISD
2365,stock_data\OXY+
2366,stock_data\OXY-WT
2367,stock_data\OZSC
2368,stock_data\P
2369,stock_data\P2P.AX
2370,stock_data\PAAC
2371,stock_data\PAACR
2372,stock_data\PAACU
2373,stock_data\PACD
2374,stock_data\PACDQ
2375,stock_data\PACE-UN
2376,stock_data\PACE-WT
2377,stock_data\PACK+
2378,stock_data\PACQ
2379,stock_data\PACQU
2380,stock_data\PACQW
2381,stock_data\PACVD
2382,stock_data\PAE.DE
2383,stock_data\PAEWW
2384,stock_data\PAF.AX
2385,stock_data\PAICU
2386,stock_data\PAL.L
2387,stock_data\PALL
2388,stock_data\PAPERPROD.NS
2389,stock_data\PARG.SW
2390,stock_data\PATH.TO
2391,stock_data\PAVMZ
2392,stock_data\PAY
2393,stock_data\PB9.DE
2394,stock_data\PBBI
2395,stock_data\PBC
2396,stock_data\PBI-PB
2397,stock_data\PBSK
2398,stock_data\PBY
2399,stock_data\PCBK
2400,stock_data\PCGH.L
2401,stock_data\PCI
2402,stock_data\PCL
2403,stock_data\PCMI
2404,stock_data\PCP
2405,stock_data\PCPL-UN
2406,stock_data\PCPL-WT
2407,stock_data\PDEXD
2408,stock_data\PDI
2409,stock_data\PDLI
2410,stock_data\PDP
2411,stock_data\PE
2412,stock_data\PE1.AX
2413,stock_data\PECK
2414,stock_data\PECKW
2415,stock_data\PEER
2416,stock_data\PEGI
2417,stock_data\PEIX
2418,stock_data\PEL.AX
2419,stock_data\PEMV.L
2420,stock_data\PENC
2421,stock_data\PER
2422,stock_data\PERF
2423,stock_data\PERY
2424,stock_data\PES
2425,stock_data\PESXQ
2426,stock_data\PETB.L
2427,stock_data\PETVD
2428,stock_data\PETX
2429,stock_data\PEY
2430,stock_data\PEZ
2431,stock_data\PF
2432,stock_data\PFF
2433,stock_data\PFH
2434,stock_data\PFI
2435,stock_data\PFM
2436,stock_data\PFNX
2437,stock_data\PFSWD
2438,stock_data\PGEM
2439,stock_data\PGF.AX
2440,stock_data\PGI.AX
2441,stock_data\PGIT.L
2442,stock_data\PGJ
2443,stock_data\PGLC
2444,stock_data\PGND
2445,stock_data\PGNX
2446,stock_data\PGR.AX
2447,stock_data\PGX.AX
2448,stock_data\PH6.DE
2449,stock_data\PHA
2450,stock_data\PHGE+
2451,stock_data\PHGE-UN
2452,stock_data\PHGE-WT
2453,stock_data\PHH
2454,stock_data\PHII
2455,stock_data\PHIIK
2456,stock_data\PHO
2457,stock_data\PHOR.L
2458,stock_data\PHPG
2459,stock_data\PHUNW
2460,stock_data\PHYS
2461,stock_data\PHYS.TO
2462,stock_data\PIC
2463,stock_data\PIC-WT
2464,stock_data\PICO
2465,stock_data\PID
2466,stock_data\PIH
2467,stock_data\PIHPP
2468,stock_data\PIN.AX
2469,stock_data\PIO.AX
2470,stock_data\PIPP-UN
2471,stock_data\PIR
2472,stock_data\PIRE
2473,stock_data\PIY
2474,stock_data\PJC
2475,stock_data\PKD
2476,stock_data\PKO
2477,stock_data\PKY
2478,stock_data\PLC.AX
2479,stock_data\PLCM
2480,stock_data\PLKI
2481,stock_data\PLPM
2482,stock_data\PLPRB
2483,stock_data\PLTM
2484,stock_data\PLUGD
2485,stock_data\PLYM-A
2486,stock_data\PM1.AX
2487,stock_data\PM8.AX
2488,stock_data\PMAG.DE
2489,stock_data\PMC
2490,stock_data\PMCS
2491,stock_data\PMTA.DE
2492,stock_data\PMY.AX
2493,stock_data\PNC-PP
2494,stock_data\PNC-PQ
2495,stock_data\PNCPQ
2496,stock_data\PNHT
2497,stock_data\PNK
2498,stock_data\PNNTG
2499,stock_data\PNRA
2500,stock_data\PNTA
2501,stock_data\PNW.AX
2502,stock_data\PNX
2503,stock_data\PNY
2504,stock_data\POH1.DE
2505,stock_data\POL
2506,stock_data\POM
2507,stock_data\PONY.TO
2508,stock_data\POPE
2509,stock_data\POTGD
2510,stock_data\POWR
2511,stock_data\POZN
2512,stock_data\PPCBD
2513,stock_data\PPLN
2514,stock_data\PPLT
2515,stock_data\PPS
2516,stock_data\PPX
2517,stock_data\PRAKASHSTL.NS
2518,stock_data\PRCP
2519,stock_data\PRE
2520,stock_data\PRE-PF
2521,stock_data\PREX
2522,stock_data\PRNB
2523,stock_data\PROTCT.OL
2524,stock_data\PRPLW
2525,stock_data\PRS
2526,stock_data\PRSC
2527,stock_data\PRSN
2528,stock_data\PRSS
2529,stock_data\PRTHU
2530,stock_data\PRTO
2531,stock_data\PRVL
2532,stock_data\PRXI
2533,stock_data\PRXL
2534,stock_data\PRY
2535,stock_data\PRZ.AX
2536,stock_data\PSA-PX
2537,stock_data\PSAC
2538,stock_data\PSACU
2539,stock_data\PSAPV
2540,stock_data\PSD
2541,stock_data\PSDO
2542,stock_data\PSL
2543,stock_data\PSLV.TO
2544,stock_data\PSSL.L
2545,stock_data\PSTB
2546,stock_data\PSTH
2547,stock_data\PSTH-WT
2548,stock_data\PSTVZ
2549,stock_data\PSUN
2550,stock_data\PSV
2551,stock_data\PSZ.AX
2552,stock_data\PTAC
2553,stock_data\PTACW
2554,stock_data\PTF
2555,stock_data\PTGED
2556,stock_data\PTGEF
2557,stock_data\PTH
2558,stock_data\PTI
2559,stock_data\PTIE
2560,stock_data\PTK-WT
2561,stock_data\PTLA
2562,stock_data\PTMN
2563,stock_data\PTSC
2564,stock_data\PTSCE
2565,stock_data\PTXP
2566,stock_data\PU13.L
2567,stock_data\PUB
2568,stock_data\PUI
2569,stock_data\PULB
2570,stock_data\PVCS.L
2571,stock_data\PVCTW
2572,stock_data\PVG.L
2573,stock_data\PVTB
2574,stock_data\PVTBP
2575,stock_data\PVTD
2576,stock_data\PVTL
2577,stock_data\PWX
2578,stock_data\PX
2579,stock_data\PXI
2580,stock_data\PXLWD
2581,stock_data\PXMD
2582,stock_data\PYX
2583,stock_data\PYXSQ
2584,stock_data\PYZ
2585,stock_data\QDM
2586,stock_data\QES
2587,stock_data\QHC
2588,stock_data\QLGC
2589,stock_data\QLIK
2590,stock_data\QMM
2591,stock_data\QPR.AX
2592,stock_data\QPWR
2593,stock_data\QPWRD
2594,stock_data\QQQX
2595,stock_data\QRI.AX
2596,stock_data\QS-WT
2597,stock_data\QSC.DE
2598,stock_data\QTNTW
2599,stock_data\QTWW
2600,stock_data\QUTR
2601,stock_data\QUTRD
2602,stock_data\QVCC
2603,stock_data\QVCD
2604,stock_data\R4E.L
2605,stock_data\RA
2606,stock_data\RAACU
2607,stock_data\RAI
2608,stock_data\RARX
2609,stock_data\RATE
2610,stock_data\RAX
2611,stock_data\RBAC
2612,stock_data\RBPAA
2613,stock_data\RBS
2614,stock_data\RBX.AX
2615,stock_data\RBZ
2616,stock_data\RCCC
2617,stock_data\RCOI.L
2618,stock_data\RCP
2619,stock_data\RDC
2620,stock_data\RDC.AX
2621,stock_data\RDEB.DE
2622,stock_data\RDEN
2623,stock_data\RDGC
2624,stock_data\RDL.L
2625,stock_data\RDMR
2626,stock_data\RDO.DE
2627,stock_data\RDVTV
2628,stock_data\RE1.AX
2629,stock_data\REC.OL
2630,stock_data\RECN
2631,stock_data\REIS
2632,stock_data\RELY
2633,stock_data\REN
2634,stock_data\RENT
2635,stock_data\REPHV
2636,stock_data\RESI
2637,stock_data\REV.AX
2638,stock_data\REXI
2639,stock_data\REXN
2640,stock_data\REXX
2641,stock_data\RFN.AX
2642,stock_data\RGC
2643,stock_data\RGM.L
2644,stock_data\RGNP
2645,stock_data\RGNPD
2646,stock_data\RGSE
2647,stock_data\RGT
2648,stock_data\RHT
2649,stock_data\RIB.PA
2650,stock_data\RIBTW
2651,stock_data\RICE
2652,stock_data\RICE-UN
2653,stock_data\RIDEW
2654,stock_data\RIFS.L
2655,stock_data\RIGD.L
2656,stock_data\RIGP
2657,stock_data\RILYZ
2658,stock_data\RIT.TO
2659,stock_data\RIV
2660,stock_data\RIVR
2661,stock_data\RJD
2662,stock_data\RJET
2663,stock_data\RKET.DE
2664,stock_data\RKMD.L
2665,stock_data\RKUS
2666,stock_data\RLD
2667,stock_data\RLD.L
2668,stock_data\RLJE
2669,stock_data\RLOC
2670,stock_data\RLOG
2671,stock_data\RLYP
2672,stock_data\RMB.DE
2673,stock_data\RMDM
2674,stock_data\RMDZ.L
2675,stock_data\RME.TO
2676,stock_data\RMG
2677,stock_data\RMG+
2678,stock_data\RMG-WT
2679,stock_data\RMGBU
2680,stock_data\RMGN
2681,stock_data\RMI
2682,stock_data\RMM
2683,stock_data\RMMC.L
2684,stock_data\RMP
2685,stock_data\RMRI
2686,stock_data\RNF
2687,stock_data\RNVAW
2688,stock_data\RNWKD
2689,stock_data\ROCHU
2690,stock_data\ROICW
2691,stock_data\ROKA
2692,stock_data\ROSE
2693,stock_data\ROSE.L
2694,stock_data\ROSN.L
2695,stock_data\ROT
2696,stock_data\ROVI
2697,stock_data\ROX
2698,stock_data\ROYT
2699,stock_data\RPAYW
2700,stock_data\RPLA-WT
2701,stock_data\RPRXW
2702,stock_data\RPRXZ
2703,stock_data\RPT-PD
2704,stock_data\RPTP
2705,stock_data\RPXC
2706,stock_data\RRE.L
2707,stock_data\RRMS
2708,stock_data\RSE
2709,stock_data\RSO
2710,stock_data\RSO.DE
2711,stock_data\RSPP
2712,stock_data\RSSV
2713,stock_data\RST
2714,stock_data\RSTI
2715,stock_data\RSYS
2716,stock_data\RT
2717,stock_data\RTEC
2718,stock_data\RTIX
2719,stock_data\RTN
2720,stock_data\RTP-WT
2721,stock_data\RTRX
2722,stock_data\RTTR
2723,stock_data\RTW
2724,stock_data\RUBI
2725,stock_data\RVLT
2726,stock_data\RVRA
2727,stock_data\RWGE
2728,stock_data\RYCE
2729,stock_data\RYD.AX
2730,stock_data\RYN-W
2731,stock_data\RZB
2732,stock_data\RZLTD
2733,stock_data\S
2734,stock_data\S&SPOWER.NS
2735,stock_data\SAAS
2736,stock_data\SAB.BR
2737,stock_data\SADDP
2738,stock_data\SAEX
2739,stock_data\SAF
2740,stock_data\SAIIU
2741,stock_data\SAJA
2742,stock_data\SALE
2743,stock_data\SALMON.OL
2744,stock_data\SALT
2745,stock_data\SAM.AX
2746,stock_data\SAMA
2747,stock_data\SAMAU
2748,stock_data\SAMAW
2749,stock_data\SAN-PB
2750,stock_data\SANMD
2751,stock_data\SANWZ
2752,stock_data\SAQ
2753,stock_data\SAQN
2754,stock_data\SAQNU
2755,stock_data\SAQNW
2756,stock_data\SAR.AX
2757,stock_data\SAUC
2758,stock_data\SBBX
2759,stock_data\SBCP
2760,stock_data\SBE
2761,stock_data\SBE-UN
2762,stock_data\SBE-WT
2763,stock_data\SBER.L
2764,stock_data\SBFGP
2765,stock_data\SBI.L
2766,stock_data\SBID.L
2767,stock_data\SBLK.OL
2768,stock_data\SBPH
2769,stock_data\SBRAP
2770,stock_data\SBSA
2771,stock_data\SBY
2772,stock_data\SCA
2773,stock_data\SCAI
2774,stock_data\SCCB
2775,stock_data\SCCI
2776,stock_data\SCE-PL
2777,stock_data\SCHS
2778,stock_data\SCLN
2779,stock_data\SCMP
2780,stock_data\SCNB
2781,stock_data\SCOND
2782,stock_data\SCPE+
2783,stock_data\SCPE-WT
2784,stock_data\SCPEU
2785,stock_data\SCQ
2786,stock_data\SCRA
2787,stock_data\SCRF.L
2788,stock_data\SCRHE
2789,stock_data\SCT.DE
2790,stock_data\SCU.TO
2791,stock_data\SCVX+
2792,stock_data\SCVX-UN
2793,stock_data\SCVXU
2794,stock_data\SDI
2795,stock_data\SDL.AX
2796,stock_data\SDL.L
2797,stock_data\SDLPF
2798,stock_data\SDRL
2799,stock_data\SDX.AX
2800,stock_data\SECG.L
2801,stock_data\SECT
2802,stock_data\SEEN.L
2803,stock_data\SEGN
2804,stock_data\SEI.AX
2805,stock_data\SEIID
2806,stock_data\SEMG
2807,stock_data\SEMI
2808,stock_data\SEP
2809,stock_data\SEQI.L
2810,stock_data\SERV
2811,stock_data\SES
2812,stock_data\SEV
2813,stock_data\SFB
2814,stock_data\SFEF
2815,stock_data\SFEG
2816,stock_data\SFG
2817,stock_data\SFLY
2818,stock_data\SFN
2819,stock_data\SFORD
2820,stock_data\SFR
2821,stock_data\SFS
2822,stock_data\SFTW+
2823,stock_data\SFTW-WT
2824,stock_data\SFXE
2825,stock_data\SG
2826,stock_data\SGAMW
2827,stock_data\SGB
2828,stock_data\SGGD.L
2829,stock_data\SGI
2830,stock_data\SGLBW
2831,stock_data\SGM
2832,stock_data\SGNT
2833,stock_data\SGO.AX
2834,stock_data\SGOL
2835,stock_data\SGSID
2836,stock_data\SGY
2837,stock_data\SGYP
2838,stock_data\SGYPU
2839,stock_data\SGYPW
2840,stock_data\SGZA
2841,stock_data\SHH.L
2842,stock_data\SHK.AX
2843,stock_data\SHLD
2844,stock_data\SHLL
2845,stock_data\SHLL+
2846,stock_data\SHLM
2847,stock_data\SHLO
2848,stock_data\SHNC
2849,stock_data\SHO-PF
2850,stock_data\SHOR
2851,stock_data\SHOS
2852,stock_data\SHPG
2853,stock_data\SHRE.L
2854,stock_data\SHY
2855,stock_data\SHYAMCENT.NS
2856,stock_data\SIFI
2857,stock_data\SIGM
2858,stock_data\SIMLD
2859,stock_data\SIR
2860,stock_data\SIRO
2861,stock_data\SIRR
2862,stock_data\SITO
2863,stock_data\SIVBO
2864,stock_data\SIVR
2865,stock_data\SKFG
2866,stock_data\SKIN.L
2867,stock_data\SKIS
2868,stock_data\SKMD.L
2869,stock_data\SKUL
2870,stock_data\SLB.SW
2871,stock_data\SLG-D
2872,stock_data\SLGB
2873,stock_data\SLH
2874,stock_data\SLI
2875,stock_data\SLM.AX
2876,stock_data\SLMAP
2877,stock_data\SLRA
2878,stock_data\SLV
2879,stock_data\SMC.AX
2880,stock_data\SMIF.L
2881,stock_data\SMMC
2882,stock_data\SMMCU
2883,stock_data\SMMCW
2884,stock_data\SMRT
2885,stock_data\SMTA
2886,stock_data\SNAK
2887,stock_data\SNBC
2888,stock_data\SNBP
2889,stock_data\SNC
2890,stock_data\SNDK
2891,stock_data\SNGR.L
2892,stock_data\SNGXW
2893,stock_data\SNH
2894,stock_data\SNHN
2895,stock_data\SNI
2896,stock_data\SNMX
2897,stock_data\SNNA
2898,stock_data\SNP.L
2899,stock_data\SNPR-WT
2900,stock_data\SNRHU
2901,stock_data\SNSR
2902,stock_data\SNSS
2903,stock_data\SNTW
2904,stock_data\SOA.PA
2905,stock_data\SOAC
2906,stock_data\SOAC+
2907,stock_data\SOAC-UN
2908,stock_data\SOAC-WT
2909,stock_data\SOBR
2910,stock_data\SOCB
2911,stock_data\SOFOD
2912,stock_data\SOFR.PA
2913,stock_data\SOHOL
2914,stock_data\SOHOM
2915,stock_data\SOLN
2916,stock_data\SOLO.L
2917,stock_data\SOLQ
2918,stock_data\SOLSD
2919,stock_data\SONC
2920,stock_data\SONC.LS
2921,stock_data\SOP.TO
2922,stock_data\SORL
2923,stock_data\SOS
2924,stock_data\SOT.DE
2925,stock_data\SOXX
2926,stock_data\SPA
2927,stock_data\SPAN
2928,stock_data\SPAQ
2929,stock_data\SPAQ-WT
2930,stock_data\SPAQU
2931,stock_data\SPAR
2932,stock_data\SPB+++++++++++
2933,stock_data\SPCE-WT
2934,stock_data\SPEX
2935,stock_data\SPEXD
2936,stock_data\SPFR-UN
2937,stock_data\SPG-W
2938,stock_data\SPI.PA
2939,stock_data\SPLS
2940,stock_data\SPN
2941,stock_data\SPNC
2942,stock_data\SPNV-UN
2943,stock_data\SPOXF
2944,stock_data\SPPC.L
2945,stock_data\SPPP
2946,stock_data\SPPP.TO
2947,stock_data\SPRXE
2948,stock_data\SPUP
2949,stock_data\SPZR
2950,stock_data\SQI
2951,stock_data\SQN.L
2952,stock_data\SQNM
2953,stock_data\SRACU
2954,stock_data\SRACW
2955,stock_data\SRBANK.OL
2956,stock_data\SRCI
2957,stock_data\SRSAU
2958,stock_data\SRTSW
2959,stock_data\SRV
2960,stock_data\SSA.L
2961,stock_data\SSE
2962,stock_data\SSFN
2963,stock_data\SSI
2964,stock_data\SSI.PA
2965,stock_data\SSNI
2966,stock_data\SSNYY
2967,stock_data\SSO.OL
2968,stock_data\SSON.L
2969,stock_data\SSPKU
2970,stock_data\SSPKW
2971,stock_data\SSRG
2972,stock_data\SSW
2973,stock_data\STAL
2974,stock_data\STAL.PA
2975,stock_data\STAR++++++++++
2976,stock_data\STBZ
2977,stock_data\STDY
2978,stock_data\STFR
2979,stock_data\STI
2980,stock_data\STIC-UN
2981,stock_data\STIC-WT
2982,stock_data\STJ
2983,stock_data\STLS
2984,stock_data\STML
2985,stock_data\STNL
2986,stock_data\STNLU
2987,stock_data\STOB.L
2988,stock_data\STORM.OL
2989,stock_data\STPK-WT
2990,stock_data\STR
2991,stock_data\STRONG.OL
2992,stock_data\STRTECH.NS
2993,stock_data\STRZA
2994,stock_data\STRZB
2995,stock_data\STS
2996,stock_data\STXSR
2997,stock_data\STZB
2998,stock_data\SUBEX.NS
2999,stock_data\SUCR.BR
3000,stock_data\SUNE
3001,stock_data\SVA.AX
3002,stock_data\SVACU
3003,stock_data\SVBLD
3004,stock_data\SVD.AX
3005,stock_data\SVMB
3006,stock_data\SVON
3007,stock_data\SVSVW
3008,stock_data\SVU
3009,stock_data\SWC
3010,stock_data\SWEF.L
3011,stock_data\SWF.DE
3012,stock_data\SWFR
3013,stock_data\SWH
3014,stock_data\SWJ
3015,stock_data\SWNC
3016,stock_data\SWT
3017,stock_data\SXCL
3018,stock_data\SXCP
3019,stock_data\SYA
3020,stock_data\SYBTP
3021,stock_data\SYKEE
3022,stock_data\SYMC
3023,stock_data\SYNT
3024,stock_data\SYP.DE
3025,stock_data\SYS.AX
3026,stock_data\SYT.AX
3027,stock_data\SYTEE
3028,stock_data\SYUT
3029,stock_data\SZMK
3030,stock_data\SZPR.ME
3031,stock_data\TACOW
3032,stock_data\TALO+
3033,stock_data\TANNL
3034,stock_data\TANNZ
3035,stock_data\TAP.AX
3036,stock_data\TAPA
3037,stock_data\TASR
3038,stock_data\TAT
3039,stock_data\TAX
3040,stock_data\TBC
3041,stock_data\TBLTW
3042,stock_data\TBRGU
3043,stock_data\TBXCE
3044,stock_data\TCBIW
3045,stock_data\TCCI
3046,stock_data\TCN.AX
3047,stock_data\TCO
3048,stock_data\TCO-PK
3049,stock_data\TCP
3050,stock_data\TCPI
3051,stock_data\TCRD
3052,stock_data\TCRW
3053,stock_data\TCRX
3054,stock_data\TCRZ
3055,stock_data\TCS.L
3056,stock_data\TDA
3057,stock_data\TDACU
3058,stock_data\TDACW
3059,stock_data\TDI.AX
3060,stock_data\TDW+
3061,stock_data\TDY.AX
3062,stock_data\TE
3063,stock_data\TEAF
3064,stock_data\TEAM.OL
3065,stock_data\TEAR
3066,stock_data\TECD
3067,stock_data\TECR
3068,stock_data\TEI.TO
3069,stock_data\TEKKU
3070,stock_data\TEMO
3071,stock_data\TEP
3072,stock_data\TERP
3073,stock_data\TESO
3074,stock_data\TFC-PO
3075,stock_data\TFG
3076,stock_data\TFIF.L
3077,stock_data\TFM
3078,stock_data\TFSA
3079,stock_data\TGC
3080,stock_data\TGCB
3081,stock_data\TGE
3082,stock_data\TGO.AX
3083,stock_data\TGZ.TO
3084,stock_data\THBRW
3085,stock_data\THC.AX
3086,stock_data\THCAU
3087,stock_data\THCAW
3088,stock_data\THCBU
3089,stock_data\THD.AX
3090,stock_data\THGA
3091,stock_data\THQ
3092,stock_data\THW
3093,stock_data\THWWW
3094,stock_data\TIBR
3095,stock_data\TIBRU
3096,stock_data\TIER
3097,stock_data\TIETOO.OL
3098,stock_data\TIF
3099,stock_data\TIK
3100,stock_data\TIME
3101,stock_data\TINV
3102,stock_data\TIS
3103,stock_data\TIVO
3104,stock_data\TKCI
3105,stock_data\TKCM
3106,stock_data\TKF.AX
3107,stock_data\TKKS
3108,stock_data\TKKSR
3109,stock_data\TKKSU
3110,stock_data\TKR-W
3111,stock_data\TKSI
3112,stock_data\TLF
3113,stock_data\TLF.TO
3114,stock_data\TLI.DE
3115,stock_data\TLMDW
3116,stock_data\TLMR
3117,stock_data\TLN
3118,stock_data\TLP
3119,stock_data\TLR
3120,stock_data\TLRA
3121,stock_data\TLRD
3122,stock_data\TLSRP
3123,stock_data\TLT
3124,stock_data\TLX
3125,stock_data\TM5.DE
3126,stock_data\TMCX
3127,stock_data\TMCXU
3128,stock_data\TMH
3129,stock_data\TMIN
3130,stock_data\TMPMU
3131,stock_data\TMSR
3132,stock_data\TMSRW
3133,stock_data\TMUSR
3134,stock_data\TNAV
3135,stock_data\TNCPD
3136,stock_data\TNGO
3137,stock_data\TNH
3138,stock_data\TNTY
3139,stock_data\TOCA
3140,stock_data\TOG.TO
3141,stock_data\TOMZD
3142,stock_data\TONJ
3143,stock_data\TORC
3144,stock_data\TORO.L
3145,stock_data\TOTA
3146,stock_data\TOTAR
3147,stock_data\TOTAU
3148,stock_data\TOTAW
3149,stock_data\TOWR
3150,stock_data\TPGH
3151,stock_data\TPGH-UN
3152,stock_data\TPGY-UN
3153,stock_data\TPHW
3154,stock_data\TPI
3155,stock_data\TPLM
3156,stock_data\TPOA.L
3157,stock_data\TPRE
3158,stock_data\TPVC.L
3159,stock_data\TRC-R
3160,stock_data\TRCB
3161,stock_data\TRCO
3162,stock_data\TREE.L
3163,stock_data\TRFM.ME
3164,stock_data\TRK
3165,stock_data\TRLC
3166,stock_data\TRNE-WT
3167,stock_data\TRNEU
3168,stock_data\TRNOPA
3169,stock_data\TROV
3170,stock_data\TROVU
3171,stock_data\TROVW
3172,stock_data\TRPXY
3173,stock_data\TRR
3174,stock_data\TRSW
3175,stock_data\TRTL
3176,stock_data\TRTLU
3177,stock_data\TRTLW
3178,stock_data\TRWH
3179,stock_data\TRXC
3180,stock_data\TRXDW
3181,stock_data\TSEMG
3182,stock_data\TSI.L
3183,stock_data\TSLF
3184,stock_data\TSNU
3185,stock_data\TSRA
3186,stock_data\TSRO
3187,stock_data\TSS
3188,stock_data\TST
3189,stock_data\TSTR.L
3190,stock_data\TSU
3191,stock_data\TSYS
3192,stock_data\TTCFW
3193,stock_data\TTLO
3194,stock_data\TTPH
3195,stock_data\TTS
3196,stock_data\TTST.L
3197,stock_data\TUBE
3198,stock_data\TUES
3199,stock_data\TUESQ
3200,stock_data\TUMI
3201,stock_data\TVACU
3202,stock_data\TVC
3203,stock_data\TVE
3204,stock_data\TVLY.PA
3205,stock_data\TVMD
3206,stock_data\TVMDD
3207,stock_data\TVPT
3208,stock_data\TVTX
3209,stock_data\TWC
3210,stock_data\TWGL
3211,stock_data\TWMC
3212,stock_data\TWND-UN
3213,stock_data\TWNKW
3214,stock_data\TWO-PE
3215,stock_data\TWX
3216,stock_data\TXTR
3217,stock_data\TYPE
3218,stock_data\TZAC
3219,stock_data\TZACU
3220,stock_data\TZACW
3221,stock_data\UAM
3222,stock_data\UANC.L
3223,stock_data\UB
3224,stock_data\UBNK
3225,stock_data\UCBA
3226,stock_data\UCBID
3227,stock_data\UCFC
3228,stock_data\UCG.L
3229,stock_data\UCP
3230,stock_data\UCUT
3231,stock_data\UDN
3232,stock_data\UEPCO
3233,stock_data\UG.PA
3234,stock_data\UG.SW
3235,stock_data\UGA
3236,stock_data\UGBP
3237,stock_data\UIHCU
3238,stock_data\UKML.L
3239,stock_data\ULTI
3240,stock_data\ULTIMO.OL
3241,stock_data\UMH-PB
3242,stock_data\UMRX
3243,stock_data\UNCN
3244,stock_data\UNCP
3245,stock_data\UNEX
3246,stock_data\UNG
3247,stock_data\UNIS
3248,stock_data\UNL
3249,stock_data\UNL.AX
3250,stock_data\UNMA
3251,stock_data\UNOV
3252,stock_data\UNT
3253,stock_data\UNTCQ
3254,stock_data\UNTD
3255,stock_data\UNXL
3256,stock_data\UNXP
3257,stock_data\UPLC
3258,stock_data\UPLCQ
3259,stock_data\UPYY
3260,stock_data\UQM
3261,stock_data\URR
3262,stock_data\URSL
3263,stock_data\USA.L
3264,stock_data\USB-PA
3265,stock_data\USBPL
3266,stock_data\USCI
3267,stock_data\USF.L
3268,stock_data\USG
3269,stock_data\USL
3270,stock_data\USMD
3271,stock_data\USO
3272,stock_data\USPB
3273,stock_data\USWSW
3274,stock_data\UT8.DE
3275,stock_data\UTEK
3276,stock_data\UTGI
3277,stock_data\UTIW
3278,stock_data\UTR.AX
3279,stock_data\UTX
3280,stock_data\UTXPA
3281,stock_data\UTZ-WT
3282,stock_data\UUP
3283,stock_data\UUUU-WT
3284,stock_data\UWN
3285,stock_data\UWS.DE
3286,stock_data\UWT
3287,stock_data\UZA
3288,stock_data\UZC
3289,stock_data\UZD
3290,stock_data\VA
3291,stock_data\VAH.AX
3292,stock_data\VAL
3293,stock_data\VASC
3294,stock_data\VBIX
3295,stock_data\VCBD
3296,stock_data\VCOR
3297,stock_data\VDYS
3298,stock_data\VENAU
3299,stock_data\VERBW
3300,stock_data\VGRBF
3301,stock_data\VHAQ-UN
3302,stock_data\VIA
3303,stock_data\VIAB
3304,stock_data\VIDEE
3305,stock_data\VIJIFIN.NS
3306,stock_data\VIN.L
3307,stock_data\VISTIN.OL
3308,stock_data\VLP
3309,stock_data\VLRX
3310,stock_data\VLT.AX
3311,stock_data\VLTC
3312,stock_data\VLYWW
3313,stock_data\VMAC
3314,stock_data\VMACU
3315,stock_data\VMEM
3316,stock_data\VNO-PN
3317,stock_data\VNOD
3318,stock_data\VNOPK
3319,stock_data\VR
3320,stock_data\VRL.AX
3321,stock_data\VRL.DE
3322,stock_data\VRMEW
3323,stock_data\VRML
3324,stock_data\VRMLQ
3325,stock_data\VRP.L
3326,stock_data\VRT+
3327,stock_data\VRT-WT
3328,stock_data\VRTSP
3329,stock_data\VRTU
3330,stock_data\VSAR
3331,stock_data\VSCP
3332,stock_data\VSI
3333,stock_data\VSLR
3334,stock_data\VSM
3335,stock_data\VSPRU
3336,stock_data\VSTR
3337,stock_data\VTAE
3338,stock_data\VTBR.L
3339,stock_data\VTIQ
3340,stock_data\VTIQU
3341,stock_data\VTIQW
3342,stock_data\VTNL
3343,stock_data\VTX.PA
3344,stock_data\VUZ
3345,stock_data\VVC
3346,stock_data\VVNT+
3347,stock_data\VVNT-WT
3348,stock_data\VVUS
3349,stock_data\VWR
3350,stock_data\VYSM
3351,stock_data\VZA
3352,stock_data\W3U.DE
3353,stock_data\W8A.DE
3354,stock_data\WAAS
3355,stock_data\WAFDW
3356,stock_data\WAGE
3357,stock_data\WAIR
3358,stock_data\WALA
3359,stock_data\WALG.L
3360,stock_data\WALWIL.OL
3361,stock_data\WAVX
3362,stock_data\WBC
3363,stock_data\WBE.AX
3364,stock_data\WBHC
3365,stock_data\WBKC
3366,stock_data\WBMD
3367,stock_data\WBQNL
3368,stock_data\WBST
3369,stock_data\WCG
3370,stock_data\WCH.L
3371,stock_data\WCIC
3372,stock_data\WDI.DE
3373,stock_data\WEAT
3374,stock_data\WEB
3375,stock_data\WEBK
3376,stock_data\WEYL
3377,stock_data\WFBI
3378,stock_data\WFCFD
3379,stock_data\WFM
3380,stock_data\WFT.TO
3381,stock_data\WFTIQ
3382,stock_data\WGB.AX
3383,stock_data\WGB.L
3384,stock_data\WGBS
3385,stock_data\WGL
3386,stock_data\WH-W
3387,stock_data\WHC.DE
3388,stock_data\WHEN
3389,stock_data\WHFBL
3390,stock_data\WHFBZ
3391,stock_data\WHLRW
3392,stock_data\WHT1.DE
3393,stock_data\WIBC
3394,stock_data\WINM
3395,stock_data\WINMQ
3396,stock_data\WINRW
3397,stock_data\WINS
3398,stock_data\WINTD
3399,stock_data\WIZP
3400,stock_data\WKOF.L
3401,stock_data\WLC.AX
3402,stock_data\WLE.AX
3403,stock_data\WLF.AX
3404,stock_data\WLFCP
3405,stock_data\WLH
3406,stock_data\WLLBW
3407,stock_data\WMAR
3408,stock_data\WMGI
3409,stock_data\WMGIZ
3410,stock_data\WMLP
3411,stock_data\WNDM
3412,stock_data\WNDMD
3413,stock_data\WNR
3414,stock_data\WNRL
3415,stock_data\WPC.L
3416,stock_data\WPF-WT
3417,stock_data\WPR.AX
3418,stock_data\WPT
3419,stock_data\WPX
3420,stock_data\WPZ
3421,stock_data\WR
3422,stock_data\WRB-PF
3423,stock_data\WRB-PG
3424,stock_data\WRES
3425,stock_data\WRIPF
3426,stock_data\WRLS
3427,stock_data\WRLSR
3428,stock_data\WRLSU
3429,stock_data\WRLSW
3430,stock_data\WRTC
3431,stock_data\WSCI
3432,stock_data\WSCWW
3433,stock_data\WSFSL
3434,stock_data\WSG
3435,stock_data\WSOB
3436,stock_data\WSTC
3437,stock_data\WTFCW
3438,stock_data\WTR
3439,stock_data\WUBA
3440,stock_data\WWAV
3441,stock_data\WYND
3442,stock_data\WYR.DE
3443,stock_data\XAN
3444,stock_data\XAN-PC
3445,stock_data\XBIOW
3446,stock_data\XBKS
3447,stock_data\XCD.AX
3448,stock_data\XCJ
3449,stock_data\XCRA
3450,stock_data\XDIV
3451,stock_data\XGR2.DE
3452,stock_data\XGTI
3453,stock_data\XMET
3454,stock_data\XNPT
3455,stock_data\XOGQ
3456,stock_data\XON
3457,stock_data\XOXO
3458,stock_data\XPLR
3459,stock_data\XPOA
3460,stock_data\XPOA-UN
3461,stock_data\XRDC
3462,stock_data\XRF
3463,stock_data\XRM
3464,stock_data\XTD.AX
3465,stock_data\XTLY
3466,stock_data\XXIA
3467,stock_data\YAC
3468,stock_data\YCB
3469,stock_data\YCS
3470,stock_data\YDKN
3471,stock_data\YEL1.DE
3472,stock_data\YFTD
3473,stock_data\YGEHY
3474,stock_data\YIN
3475,stock_data\YJGJ
3476,stock_data\YOGA
3477,stock_data\YRCW
3478,stock_data\YSACU
3479,stock_data\YUMA
3480,stock_data\YUME
3481,stock_data\YZA.IR
3482,stock_data\ZAGG
3483,stock_data\ZAIS
3484,stock_data\ZAYO
3485,stock_data\ZBK
3486,stock_data\ZCOR
3487,stock_data\ZEN.AX
3488,stock_data\ZENITHBIR.NS
3489,stock_data\ZESTD
3490,stock_data\ZFGN
3491,stock_data\ZGYHR
3492,stock_data\ZGYHU
3493,stock_data\ZIM.DE
3494,stock_data\ZINC
3495,stock_data\ZIONW
3496,stock_data\ZIONZ
3497,stock_data\ZIP.AX
3498,stock_data\ZLTQ
3499,stock_data\ZMTP
3500,stock_data\ZN
3501,stock_data\ZNOGW
3502,stock_data\ZNTEU
3503,stock_data\ZNWAA
3504,stock_data\ZOES
3505,stock_data\ZSL
3506,stock_data\ZYB.AX
